,Keyword,Rank,Website,Date,URL
0,Digital Marketing Courses,6,collegedunia,11-11-2022,https://collegedunia.com/courses/digital-marketing/digital-marketing-courses-in-delhi
1,Digital Marketing Courses,42,shiksha,11-11-2022,https://www.shiksha.com/business-management-studies/colleges/digital-marketing-colleges-delhi-ncr
2,Digital Marketing Courses,1,reliablesoft,11-11-2022,https://www.reliablesoft.net/best-digital-marketing-courses/
3,Data Science Courses,8,collegedunia,11-11-2022,https://collegedunia.com/courses/data-science
4,Data Science Courses,1,coursera,11-11-2022,https://in.coursera.org/browse/data-science
5,Fashion Designing Courses,1,shiksha,11-11-2022,https://www.shiksha.com/design/fashion-designing-chp
6,Fashion Designing Courses,2,collegedunia,11-11-2022,https://collegedunia.com/courses/fashion-design
7,Fashion Designing Courses,6,careers360,11-11-2022,https://www.careers360.com/courses/fashion-design-course
8,Fashion Designing Courses,10,collegedekho,11-11-2022,https://www.collegedekho.com/articles/fashion-designing-courses-duration-fees-fashion-colleges/
9,Paramedical Courses,2,shiksha,11-11-2022,https://www.shiksha.com/medicine-health-sciences/paramedical/colleges/colleges-delhi
10,Paramedical Courses,4,collegedunia,11-11-2022,https://collegedunia.com/paramedical/delhi-ncr-colleges
11,Paramedical Courses,12,careers360,11-11-2022,https://medicine.careers360.com/articles/paramedical-courses-after-10th-12th
12,Paramedical Courses,13,collegedekho,11-11-2022,https://www.collegedekho.com/articles/paramedical-courses-admission-eligibility-and-scope/
13,Paramedical Courses,1,leverageedu,11-11-2022,https://leverageedu.com/blog/paramedical-courses-list/
14,Computer Courses,1,collegedunia,11-11-2022,https://collegedunia.com/courses/computer
15,Computer Courses,11,shiksha,11-11-2022,https://www.shiksha.com/computer-courses-it-software-chp
16,Computer Courses,64,collegedekho,11-11-2022,https://www.collegedekho.com/courses/computer-courses/
17,Computer Courses,89,careers360,11-11-2022,https://www.careers360.com/courses-certifications/articles/best-free-online-computer-courses-with-certificate-to-learn-right-now
18,Hotel Management Courses,1,collegedunia,11-11-2022,https://collegedunia.com/courses/hotel-management
19,Hotel Management Courses,2,shiksha,11-11-2022,https://www.shiksha.com/hospitality-travel/hotel-hospitality-management/colleges/colleges-delhi-ncr
20,Hotel Management Courses,5,careers360,11-11-2022,https://www.careers360.com/courses/hotel-management-course
21,Hotel Management Courses,22,collegedekho,11-11-2022,https://www.collegedekho.com/hospitality-aviation/hospitality_management-colleges-in-delhi/
22,Graphic Design Courses,7,shiksha,11-11-2022,https://www.shiksha.com/design/communication-design/colleges/graphic-design-colleges-delhi-ncr
23,Graphic Design Courses,28,collegedunia,11-11-2022,https://collegedunia.com/design/graphic-designing/delhi-ncr-colleges
24,Graphic Design Courses,48,careers360,11-11-2022,https://design.careers360.com/colleges/list-of-graphic-designing-colleges-in-india
25,Graphic Design Courses,78,collegedekho,11-11-2022,https://www.collegedekho.com/courses/graphic-designing/
26,Graphic Design Courses,1,udemy,11-11-2022,https://www.udemy.com/topic/graphic-design/
27,Interior Designing Courses,1,shiksha,11-11-2022,https://www.shiksha.com/design/interior-design/colleges/colleges-delhi-ncr
28,Interior Designing Courses,2,collegedunia,11-11-2022,https://collegedunia.com/courses/interior-design/interior-designing-courses-in-delhi
29,Interior Designing Courses,16,collegedekho,11-11-2022,https://www.collegedekho.com/courses/interior-designing/
30,Interior Designing Courses,17,careers360,11-11-2022,https://design.careers360.com/colleges/list-of-interior-design-colleges-in-delhi
31,Data Analytics Courses,4,shiksha,11-11-2022,https://www.shiksha.com/it-software/big-data-analytics/colleges/data-analytics-colleges-delhi-ncr
32,Data Analytics Courses,41,collegedunia,11-11-2022,https://collegedunia.com/courses/data-analytics
33,Data Analytics Courses,50,careers360,11-11-2022,https://www.careers360.com/courses-certifications/data-analytics-courses-brpg
34,Data Analytics Courses,1,coursera,11-11-2022,https://in.coursera.org/professional-certificates/google-data-analytics
35,Nursing Courses,1,shiksha,11-11-2022,https://www.shiksha.com/nursing/colleges/colleges-delhi
36,Nursing Courses,4,collegedekho,11-11-2022,https://www.collegedekho.com/articles/nursing-courses-in-india/
37,Nursing Courses,7,collegedunia,11-11-2022,https://collegedunia.com/courses/nursing
38,Nursing Courses,8,careers360,11-11-2022,https://www.careers360.com/courses/nursing-course
39,PMP Certification,28,collegedunia,11-11-2022,https://collegedunia.com/courses/pmp-certification
40,PMP Certification,1,pmi,11-11-2022,https://www.pmi.org/certifications/project-management-pmp
41,Cyber Security Courses,11,collegedunia,11-11-2022,https://collegedunia.com/courses/cyber-security/it-security-courses
42,Cyber Security Courses,14,careers360,11-11-2022,https://www.careers360.com/courses-certifications/articles/top-universities-in-india-offering-cyber-security-courses
43,Cyber Security Courses,41,shiksha,11-11-2022,https://www.shiksha.com/it-software/cyber-security-chp
44,Cyber Security Courses,1,udemy,11-11-2022,https://www.udemy.com/topic/cyber-security/
45,Tally Courses,8,collegedunia,11-11-2022,https://collegedunia.com/courses/tally
46,Tally Courses,17,careers360,11-11-2022,https://www.careers360.com/courses-certifications/tally-courses-brpg
47,Tally Courses,20,shiksha,11-11-2022,https://www.shiksha.com/it-software/tally-courses-chp
48,Tally Courses,27,collegedekho,11-11-2022,https://www.collegedekho.com/courses/tally-course/
49,Tally Courses,1,leverageedu,11-11-2022,https://leverageedu.com/blog/tally-course/
50,Web Designing Courses,5,collegedunia,11-11-2022,https://collegedunia.com/courses/web-designing
51,Web Designing Courses,23,shiksha,11-11-2022,https://www.shiksha.com/design/communication-design/colleges/web-design-colleges-delhi
52,Web Designing Courses,32,careers360,11-11-2022,https://university.careers360.com/colleges/list-of-web-designing-degree-colleges-in-india
53,Web Designing Courses,39,collegedekho,11-11-2022,https://www.collegedekho.com/courses/web-designing/
54,Web Designing Courses,1,udemy,11-11-2022,https://www.udemy.com/topic/web-design/
55,Business Analytics Courses,11,shiksha,11-11-2022,https://www.shiksha.com/business-management-studies/colleges/certificate-business-analytics-colleges-delhi-ncr
56,Business Analytics Courses,44,collegedunia,11-11-2022,https://collegedunia.com/courses/business-analytics
57,Business Analytics Courses,69,careers360,11-11-2022,https://www.careers360.com/courses/business-analytics-course
58,Business Analytics Courses,1,coursera,11-11-2022,https://in.coursera.org/specializations/business-analytics
59,Artificial Intelligence Courses,6,collegedunia,11-11-2022,https://collegedunia.com/courses/artificial-intelligence/artificial-intelligence-courses-in-delhi
60,Artificial Intelligence Courses,32,bookmyshiksha,11-11-2022,https://bookmyshiksha.com/courses/artificial-inteligence-training-course
61,Artificial Intelligence Courses,52,careers360,11-11-2022,https://www.careers360.com/courses-certifications/artificial-intelligence-courses-brpg
62,Artificial Intelligence Courses,1,coursera,11-11-2022,https://www.coursera.org/courses?query=artificial%20intelligence
63,Ethical Hacking Courses,9,collegedunia,11-11-2022,https://collegedunia.com/courses/ethical-hacking/ethical-hacking-courses-in-delhi
64,Ethical Hacking Courses,11,shiksha,11-11-2022,https://www.shiksha.com/it-software/ethical-hacking-chp
65,Ethical Hacking Courses,41,careers360,11-11-2022,https://www.careers360.com/courses/cyber-security-ethical-hacking-course
66,Ethical Hacking Courses,1,udemy,11-11-2022,https://www.udemy.com/topic/ethical-hacking/
67,Physiotherapy Courses,1,collegedunia,11-11-2022,https://collegedunia.com/courses/physiotherapy
68,Physiotherapy Courses,2,collegedekho,11-11-2022,https://www.collegedekho.com/articles/career-in-physiotherapy-courses-colleges-and-job-opportunities/
69,Physiotherapy Courses,3,shiksha,11-11-2022,https://www.shiksha.com/medicine-health-sciences/physiotherapy-chp
70,Physiotherapy Courses,4,careers360,11-11-2022,https://www.careers360.com/courses/physiotherapy-course
71,Psychology Courses,2,shiksha,11-11-2022,https://www.shiksha.com/humanities-social-sciences/psychology/colleges/colleges-delhi-ncr
72,Psychology Courses,14,collegedunia,11-11-2022,https://collegedunia.com/courses/psychology
73,Psychology Courses,45,collegedekho,11-11-2022,https://www.collegedekho.com/courses/bsc-psychology/
74,Psychology Courses,1,iimskills,11-11-2022,https://iimskills.com/psychology-courses-in-delhi/
75,Animation Courses,2,collegedunia,11-11-2022,https://collegedunia.com/courses/animation/animation-courses-in-delhi
76,Animation Courses,3,shiksha,11-11-2022,https://www.shiksha.com/animation/colleges/colleges-delhi
77,Animation Courses,5,collegedekho,11-11-2022,https://www.collegedekho.com/articles/all-you-need-to-know-about-a-career-in-animation/
78,Animation Courses,13,careers360,11-11-2022,https://www.careers360.com/courses/animation-course
79,Animation Courses,1,udemy,11-11-2022,https://www.udemy.com/topic/animation/
80,Engineering Courses,1,careers360,11-11-2022,https://engineering.careers360.com/articles/list-of-engineering-courses-after-12th
81,Engineering Courses,2,shiksha,11-11-2022,https://www.shiksha.com/engineering-chp
82,Engineering Courses,3,collegedunia,11-11-2022,https://collegedunia.com/courses/engineering-courses-after-12th
83,Engineering Courses,19,collegedekho,11-11-2022,https://www.collegedekho.com/articles/which-are-the-best-engineering-courses-in-india/
84,Web Development Courses,3,collegedunia,11-11-2022,https://collegedunia.com/courses/web-development/web-development-courses-in-delhi
85,Web Development Courses,57,careers360,11-11-2022,https://www.careers360.com/courses-certifications/web-development-courses-brpg
86,Web Development Courses,1,udemy,11-11-2022,https://www.udemy.com/topic/web-development/
87,Python Courses,10,shiksha,11-11-2022,https://www.shiksha.com/it-software/programming/colleges/python-colleges-delhi-ncr
88,Python Courses,26,collegedunia,11-11-2022,https://collegedunia.com/courses/python
89,Python Courses,89,careers360,11-11-2022,https://www.careers360.com/courses-certifications/python-courses-brpg
90,Python Courses,1,udemy,11-11-2022,https://www.udemy.com/topic/python/
91,Event Management Courses,1,shiksha,11-11-2022,https://www.shiksha.com/hospitality-travel/event-management/colleges/colleges-delhi-ncr
92,Event Management Courses,2,collegedekho,11-11-2022,https://www.collegedekho.com/courses/event-management/
93,Event Management Courses,3,collegedunia,11-11-2022,https://collegedunia.com/management/event-management/delhi-ncr-colleges
94,Event Management Courses,9,careers360,11-11-2022,https://www.careers360.com/courses/event-management-course
95,Pharmacy Courses,1,collegedekho,11-11-2022,https://www.collegedekho.com/articles/list-of-pharmacy-courses-in-india/
96,Pharmacy Courses,2,shiksha,11-11-2022,https://www.shiksha.com/medicine-health-sciences/pharmacy-chp
97,Pharmacy Courses,3,collegedunia,11-11-2022,https://collegedunia.com/courses/pharmacy
98,Pharmacy Courses,7,careers360,11-11-2022,https://pharmacy.careers360.com/colleges/list-of-pharmacy-colleges-in-delhi
99,Photography Courses,6,shiksha,11-11-2022,https://www.shiksha.com/arts-fine-visual-performing/photography/colleges/colleges-delhi-ncr
100,Photography Courses,20,careers360,11-11-2022,https://www.careers360.com/courses/photography-course
101,Photography Courses,39,collegedunia,11-11-2022,https://collegedunia.com/courses/photography
102,Photography Courses,41,collegedekho,11-11-2022,https://www.collegedekho.com/courses/photography/
103,Photography Courses,1,dcop,11-11-2022,https://www.dcop.in/
104,Aviation Courses,1,shiksha,11-11-2022,https://www.shiksha.com/aviation/colleges/colleges-delhi-ncr
105,Aviation Courses,2,collegedunia,11-11-2022,https://collegedunia.com/courses/aviation
106,Aviation Courses,3,collegedekho,11-11-2022,https://www.collegedekho.com/courses/aviation-courses/
107,Aviation Courses,5,careers360,11-11-2022,https://hospitality.careers360.com/articles/aviation-courses-one-can-study
108,Beautician Courses,1,collegedunia,11-11-2022,https://collegedunia.com/courses/beautician
109,Beautician Courses,8,shiksha,11-11-2022,https://www.shiksha.com/beauty-fitness/makeup-beautician-chp
110,Beautician Courses,10,collegedekho,11-11-2022,https://www.collegedekho.com/courses/beautician-makeup/
111,Beautician Courses,81,careers360,11-11-2022,https://university.careers360.com/
112,Stock Market Courses,48,collegedunia,11-11-2022,https://collegedunia.com/courses/certificate-course-in-stock-market
113,Stock Market Courses,1,angelone,11-11-2022,https://smartmoney.angelone.in/stock-market-courses/
114,Air Hostess Courses,1,careers360,11-11-2022,https://www.careers360.com/courses/articles/air-hostess-courses-after-12th-counar
115,Air Hostess Courses,2,collegedunia,11-11-2022,https://collegedunia.com/courses/air-hostess
116,Air Hostess Courses,6,collegedekho,11-11-2022,https://www.collegedekho.com/courses/air-hostess-cabin-crew/
117,Air Hostess Courses,9,shiksha,11-11-2022,https://www.shiksha.com/aviation/cabin-crew-air-hostess/colleges/colleges-delhi-ncr
118,Vocational Courses,1,collegedunia,11-11-2022,https://collegedunia.com/courses/vocational-courses
119,Vocational Courses,10,collegedekho,11-11-2022,https://www.collegedekho.com/articles/top-vocational-courses-after-10th-and-12th-in-delhi/
120,Vocational Courses,14,shiksha,11-11-2022,https://www.shiksha.com/college/college-of-vocational-studies-university-of-delhi-sheikh-sarai-23960
121,Vocational Courses,39,careers360,11-11-2022,https://www.careers360.com/courses/articles/vocational-courses-after-10th-counar
122,Banking Courses,2,collegedunia,11-11-2022,https://collegedunia.com/courses/banking
123,Banking Courses,5,shiksha,11-11-2022,https://www.shiksha.com/university/delhi-university-du-24642/courses/banking-finance-and-insurance-s
124,Banking Courses,10,collegedekho,11-11-2022,https://www.collegedekho.com/courses/banking-courses/
125,Banking Courses,1,leverageedu,11-11-2022,https://leverageedu.com/blog/list-of-banking-courses/
126,Biotechnology Courses,1,careers360,11-11-2022,https://www.careers360.com/courses/biotechnology-course
127,Biotechnology Courses,2,collegedunia,11-11-2022,https://collegedunia.com/courses/biotechnology
128,Biotechnology Courses,6,collegedekho,11-11-2022,https://www.collegedekho.com/courses/bsc-biotechnology/
129,Software Engineering Courses,4,collegedunia,11-11-2022,https://collegedunia.com/courses/software-engineering
130,Software Engineering Courses,10,careers360,11-11-2022,https://www.careers360.com/courses/software-engineering-course
131,Software Engineering Courses,12,collegedekho,11-11-2022,https://www.collegedekho.com/articles/software-engineering-courses-eligibility-scope/
132,Software Engineering Courses,45,shiksha,11-11-2022,https://www.shiksha.com/engineering/computer-science-engineering-chp
133,Software Engineering Courses,1,edx,11-11-2022,https://www.edx.org/learn/software-engineering
134,Radiology Courses,1,careers360,11-11-2022,https://www.careers360.com/courses/articles/radiology-courses-after-12th-counar
135,Radiology Courses,2,collegedunia,11-11-2022,https://collegedunia.com/courses/bachelor-of-science-bsc-radiography/radiologist-course
136,Radiology Courses,3,collegedekho,11-11-2022,https://www.collegedekho.com/articles/career-in-the-field-of-radiology-courses-eligibility-and-scope/
137,Radiology Courses,5,shiksha,11-11-2022,https://www.shiksha.com/medicine-health-sciences/paramedical/colleges/radiology-imaging-science-colleges-delhi-ncr
138,IT Courses,4,collegedunia,11-11-2022,https://collegedunia.com/courses/information-technology
139,IT Courses,8,collegedekho,11-11-2022,https://www.collegedekho.com/courses/it-courses/
140,IT Courses,10,shiksha,11-11-2022,https://www.shiksha.com/it-software/colleges/colleges-delhi-ncr
141,IT Courses,46,careers360,11-11-2022,https://www.careers360.com/courses/articles/it-courses-after-12th-counar
142,IT Courses,1,shine,11-11-2022,https://learning.shine.com/talenteconomy/career-help/top-trending-it-courses/
143,Cloud Computing Courses,18,careers360,11-11-2022,https://www.careers360.com/courses-certifications/cloud-computing-courses-brpg
144,Cloud Computing Courses,25,shiksha,11-11-2022,https://www.shiksha.com/it-software/cloud-computing/colleges/colleges-delhi-ncr
145,Cloud Computing Courses,40,collegedunia,11-11-2022,https://collegedunia.com/courses/cloud-computing
146,Cloud Computing Courses,1,intellipaat,11-11-2022,https://intellipaat.com/course-cat/cloud-computing-courses/
147,Software Testing Courses,43,collegedunia,11-11-2022,https://collegedunia.com/courses/software-testing
148,Software Testing Courses,74,shiksha,11-11-2022,https://www.shiksha.com/college/squad-infotech-private-limited-navi-mumbai-36099/courses
149,Software Testing Courses,1,udemy,11-11-2022,https://www.udemy.com/courses/development/software-testing/
150,Machine Learning Courses,27,bookmyshiksha,11-11-2022,https://bookmyshiksha.com/courses/machine-learning-training-course
151,Machine Learning Courses,53,collegedunia,11-11-2022,https://collegedunia.com/courses/machine-learning
152,Machine Learning Courses,1,udemy,11-11-2022,https://www.udemy.com/topic/machine-learning/
153,CCC Course,2,collegedunia,11-11-2022,https://collegedunia.com/courses/ccc
154,CCC Course,3,shiksha,11-11-2022,https://www.shiksha.com/college/nielit-delhi-national-institute-of-electronics-and-information-technology-shastri-nagar-49851/course-course-in-computer-concepts-ccc-273034
155,CCC Course,1,nielit,11-11-2022,https://nielit.gov.in/content/course-computer-concepts-ccc
156,Commerce Courses,1,collegedekho,11-11-2022,https://www.collegedekho.com/articles/career-options-after-12th-commerce-courses-and-eligibility/
157,Commerce Courses,2,shiksha,11-11-2022,https://www.shiksha.com/courses-after-12th/commerce
158,Commerce Courses,4,collegedunia,11-11-2022,https://collegedunia.com/courses/commerce
159,Commerce Courses,15,careers360,11-11-2022,https://www.careers360.com/courses/commerce-course
160,Journalism Courses,1,collegedunia,11-11-2022,https://collegedunia.com/courses/journalism
161,Journalism Courses,2,collegedekho,11-11-2022,https://www.collegedekho.com/courses/journalism/
162,Journalism Courses,3,shiksha,11-11-2022,https://www.shiksha.com/mass-communication-media/journalism/colleges/diploma-courses-delhi-ncr
163,Journalism Courses,8,careers360,11-11-2022,https://www.careers360.com/courses/journalism-course
164,Designing Courses,2,shiksha,11-11-2022,https://www.shiksha.com/design-chp
165,Designing Courses,5,careers360,11-11-2022,https://www.careers360.com/courses/design-course
166,Designing Courses,12,collegedunia,11-11-2022,https://collegedunia.com/courses/design
167,Designing Courses,1,udemy,11-11-2022,https://www.udemy.com/courses/design/
168,Mobile Repairing Courses,5,collegedunia,11-11-2022,https://collegedunia.com/courses/mobile-repairing/top-mobile-repairing-institute-in-delhi
169,Mobile Repairing Courses,7,careers360,11-11-2022,https://www.careers360.com/courses/mobile-repairing-course
170,Mobile Repairing Courses,42,shiksha,11-11-2022,https://www.shiksha.com/college/kohinoor-technical-institute-ambarnath-mumbai-47267/course-discontinued-apr-2022-mobile-repairing-cm-235438
171,Mobile Repairing Courses,1,delhicoursestraininginstitute,11-11-2022,https://delhicoursestraininginstitute.com/mobile-repairing-course-institute-delhi/
172,Project Management Courses,6,shiksha,11-11-2022,https://www.shiksha.com/business-management-studies/colleges/certificate-project-management-colleges-delhi-ncr
173,Project Management Courses,12,collegedunia,11-11-2022,https://collegedunia.com/courses/project-management
174,Project Management Courses,48,careers360,11-11-2022,https://bschool.careers360.com/colleges/list-of-project-management-colleges-in-india
175,Project Management Courses,1,edx,11-11-2022,https://www.edx.org/learn/project-management
176,Autocad Courses,4,collegedunia,11-11-2022,https://collegedunia.com/courses/autocad
177,Autocad Courses,13,careers360,11-11-2022,https://www.careers360.com/courses/autocad-course
178,Autocad Courses,27,shiksha,11-11-2022,https://www.shiksha.com/it-software/autocad-chp
179,Autocad Courses,29,collegedekho,11-11-2022,https://www.collegedekho.com/courses/autocad/
180,Autocad Courses,1,udemy,11-11-2022,https://www.udemy.com/topic/autocad/
181,Investment Banking Courses,5,collegedunia,11-11-2022,https://collegedunia.com/courses/investment-banker-course
182,Investment Banking Courses,14,careers360,11-11-2022,https://www.careers360.com/courses/investment-banking-course
183,Investment Banking Courses,52,shiksha,11-11-2022,https://www.shiksha.com/banking-finance-insurance/investment-banking-chp
184,Investment Banking Courses,82,collegedekho,11-11-2022,https://www.collegedekho.com/job-assured/investment-banking
185,Investment Banking Courses,1,imarticus,11-11-2022,https://imarticus.org/certified-investment-banking-operations-program/
186,Computer Science Courses,2,collegedunia,11-11-2022,https://collegedunia.com/courses/computer-science
187,Computer Science Courses,5,careers360,11-11-2022,https://www.careers360.com/courses/computer-science-course
188,Computer Science Courses,7,shiksha,11-11-2022,https://www.shiksha.com/science/computer-science-chp
189,Computer Science Courses,99,collegedekho,11-11-2022,https://www.collegedekho.com/courses/bsc-computer-science/
190,Computer Science Courses,1,coursera,11-11-2022,https://in.coursera.org/browse/computer-science
191,Product Management Courses,34,collegedunia,11-11-2022,https://collegedunia.com/courses/product-management
192,Product Management Courses,39,careers360,11-11-2022,https://www.careers360.com/courses-certifications/product-management-courses-brpg
193,Product Management Courses,1,udemy,11-11-2022,https://www.udemy.com/topic/product-management/
194,CCNA Course,15,collegedunia,11-11-2022,https://collegedunia.com/courses/ccna
195,CCNA Course,35,shiksha,11-11-2022,https://www.shiksha.com/ccna-courses-chp
196,CCNA Course,1,cisco,11-11-2022,https://www.cisco.com/c/en/us/training-events/training-certifications/certifications/associate/ccna.html
197,Medical Courses,1,careers360,11-11-2022,https://medicine.careers360.com/articles/top-10-medical-courses-in-india
198,Medical Courses,2,collegedekho,11-11-2022,https://www.collegedekho.com/articles/best-medical-courses-in-india/
199,Medical Courses,3,shiksha,11-11-2022,https://www.shiksha.com/medical-courses-chp
200,Medical Courses,4,collegedunia,11-11-2022,https://collegedunia.com/courses/medical-courses-after-12th
201,Medical Courses,93,universityshiksha,11-11-2022,https://universityshiksha.com/index-all-medical-course.php
202,Mass Communication Courses,1,collegedekho,11-11-2022,https://www.collegedekho.com/articles/career-in-mass-communication-courses-eligibility-fees-and-salary/
203,Mass Communication Courses,2,careers360,11-11-2022,https://www.careers360.com/courses/mass-communication-course
204,Mass Communication Courses,3,collegedunia,11-11-2022,https://collegedunia.com/courses/mass-communications
205,Mass Communication Courses,4,shiksha,11-11-2022,https://www.shiksha.com/mass-communication-media/colleges/colleges-delhi-ncr
206,Architecture Courses,2,collegedunia,11-11-2022,https://collegedunia.com/courses/architecture
207,Architecture Courses,4,shiksha,11-11-2022,https://www.shiksha.com/b-arch-bachelor-of-architecture-chp
208,Architecture Courses,9,careers360,11-11-2022,https://www.careers360.com/courses/architecture-engineering-course
209,Architecture Courses,85,collegedekho,11-11-2022,https://www.collegedekho.com/colleges/courses-delhi-school-of-architecture-and-design
210,Architecture Courses,1,edx,11-11-2022,https://www.edx.org/learn/architecture
211,Personality Development Courses,15,collegedunia,11-11-2022,https://collegedunia.com/courses/personality-development
212,Personality Development Courses,1,sanjeevdatta,11-11-2022,https://sanjeevdatta.com/
213,Financial Modelling Courses,16,collegedunia,11-11-2022,https://collegedunia.com/courses/financial-modelling
214,Financial Modelling Courses,41,careers360,11-11-2022,https://www.careers360.com/courses/financial-modelling-course
215,Financial Modelling Courses,91,shiksha,11-11-2022,https://www.shiksha.com/banking-finance-insurance/financial-modelling-chp
216,Financial Modelling Courses,1,udemy,11-11-2022,https://www.udemy.com/topic/financial-modeling/
217,Java Courses,6,shiksha,11-11-2022,https://www.shiksha.com/it-software/programming/colleges/java-colleges-delhi-ncr
218,Java Courses,9,collegedunia,11-11-2022,https://collegedunia.com/courses/java
219,Java Courses,1,udemy,11-11-2022,https://www.udemy.com/topic/java/
220,Video Editing Courses,11,collegedunia,11-11-2022,https://collegedunia.com/courses/video-editing
221,Video Editing Courses,16,shiksha,11-11-2022,https://www.shiksha.com/animation/sound-video-editing/colleges/colleges-delhi-ncr
222,Video Editing Courses,35,careers360,11-11-2022,https://www.careers360.com/courses/video-editing-course
223,Video Editing Courses,1,coursera,11-11-2022,https://www.coursera.org/courses?query=video%20editing
224,Hospital Management Courses,1,collegedunia,11-11-2022,https://collegedunia.com/courses/hospital-management
225,Hospital Management Courses,2,shiksha,11-11-2022,https://www.shiksha.com/medicine-health-sciences/public-health-management/colleges/hospital-healthcare-management-colleges-delhi-ncr
226,Hospital Management Courses,3,collegedekho,11-11-2022,https://www.collegedekho.com/courses/hospital-management/
227,Hospital Management Courses,7,careers360,11-11-2022,https://bschool.careers360.com/colleges/list-of-hospital-administration-colleges-in-delhi-ncr
228,Devops Courses,41,collegedunia,11-11-2022,https://collegedunia.com/courses/devops
229,Devops Courses,57,careers360,11-11-2022,https://www.careers360.com/courses-certifications/devops-courses-brpg
230,Devops Courses,1,udemy,11-11-2022,https://www.udemy.com/topic/devops/
231,Network Courses,10,collegedunia,11-11-2022,https://collegedunia.com/courses/network
232,Network Courses,52,careers360,11-11-2022,https://www.careers360.com/courses-certifications/computer-networking-courses-brpg
233,Network Courses,76,shiksha,11-11-2022,https://studyabroad.shiksha.com/uk/be-btech-in-it-networking-colleges-ds
234,Network Courses,1,netacad,11-11-2022,https://www.netacad.com/courses/networking
235,Agriculture Courses,1,collegedunia,11-11-2022,https://collegedunia.com/courses/agriculture
236,Agriculture Courses,2,shiksha,11-11-2022,https://www.shiksha.com/science/agriculture-chp
237,Agriculture Courses,6,collegedekho,11-11-2022,https://www.collegedekho.com/articles/list-of-agricultural-courses-in-india/
238,Agriculture Courses,43,careers360,11-11-2022,https://www.careers360.com/courses/agricultural-science-course
239,Art Courses,2,collegedunia,11-11-2022,https://collegedunia.com/courses/arts
240,Art Courses,8,shiksha,11-11-2022,https://www.shiksha.com/college/college-of-arts-university-of-delhi-tilak-marg-49127
241,Art Courses,38,careers360,11-11-2022,https://www.careers360.com/courses/fine-arts-course
242,Art Courses,1,coursera,11-11-2022,https://www.coursera.org/courses?query=art
243,Accounting Courses,9,collegedunia,11-11-2022,https://collegedunia.com/courses/accounting
244,Accounting Courses,16,shiksha,11-11-2022,https://www.shiksha.com/accounting-commerce/accounting-chp
245,Accounting Courses,88,collegedekho,11-11-2022,https://www.collegedekho.com/courses/chartered-accountancy-ca/
246,Accounting Courses,1,nifm,11-11-2022,https://www.nifm.in/courses-certification/14/certified-accounts-professional-course-training-classes-in-delhi.php
247,German Language Courses,43,collegedunia,11-11-2022,https://collegedunia.com/courses/german-language
248,German Language Courses,75,careers360,11-11-2022,https://www.careers360.com/university/university-of-rajasthan-jaipur/diploma-in-german-language-course
249,German Language Courses,78,shiksha,11-11-2022,https://www.shiksha.com/university/ignou-indira-gandhi-national-open-university-delhi-3030/course-certificate-in-german-language-383383
250,German Language Courses,1,goethe,11-11-2022,https://www.goethe.de/ins/in/en/m/sta/new/kur.html
251,Law Courses,1,collegedekho,11-11-2022,https://www.collegedekho.com/articles/list-of-law-courses-in-india/
252,Law Courses,2,collegedunia,11-11-2022,https://collegedunia.com/courses/law
253,Law Courses,4,shiksha,11-11-2022,https://www.shiksha.com/law-chp
254,Law Courses,10,careers360,11-11-2022,https://www.careers360.com/courses/law-course
255,Microbiology Courses,1,shiksha,11-11-2022,https://www.shiksha.com/science/microbiology-chp
256,Microbiology Courses,2,careers360,11-11-2022,https://www.careers360.com/courses/microbiology-course
257,Microbiology Courses,3,collegedekho,11-11-2022,https://www.collegedekho.com/courses/bsc-microbiology/
258,Microbiology Courses,5,collegedunia,11-11-2022,https://collegedunia.com/courses/bachelor-of-science-bsc-microbiology
259,Cooking Courses,5,collegedunia,11-11-2022,https://collegedunia.com/courses/cooking-courses
260,Cooking Courses,1,tripadvisor,11-11-2022,https://www.tripadvisor.in/Attractions-g304551-Activities-c36-t203-New_Delhi_National_Capital_Territory_of_Delhi.html
261,Supply Chain Management Courses,9,shiksha,11-11-2022,https://www.shiksha.com/mba/colleges/mba-in-supply-chain-colleges-delhi-ncr
262,Supply Chain Management Courses,18,careers360,11-11-2022,https://bschool.careers360.com/colleges/list-of-logistics-and-supply-chain-management-colleges-in-delhi-ncr
263,Supply Chain Management Courses,21,collegedunia,11-11-2022,https://collegedunia.com/courses/supply-chain-management
264,Supply Chain Management Courses,1,coursera,11-11-2022,https://www.coursera.org/specializations/supply-chain-management
265,Forensic Science Courses,1,shiksha,11-11-2022,https://www.shiksha.com/science/forensic-science-chp
266,Forensic Science Courses,6,careers360,11-11-2022,https://www.careers360.com/courses/forensic-science-course
267,Forensic Science Courses,8,collegedunia,11-11-2022,https://collegedunia.com/science/forensic-science/delhi-ncr-colleges
268,Forensic Science Courses,11,collegedekho,11-11-2022,https://www.collegedekho.com/courses/bsc-forensic-science/
269,Spoken English Courses,21,collegedunia,11-11-2022,https://collegedunia.com/courses/spoken-english
270,Spoken English Courses,85,careers360,11-11-2022,https://news.careers360.com/delhi-govt-start-spoken-english-course-across-50-centres-youth-jobs-arvind-kejriwal
271,Spoken English Courses,1,coursera,11-11-2022,https://www.coursera.org/courses?query=english%20speaking
272,Jewellery Design Courses,1,shiksha,11-11-2022,https://www.shiksha.com/design/fashion-design/colleges/jewellery-design-colleges-delhi
273,Jewellery Design Courses,4,collegedunia,11-11-2022,https://collegedunia.com/courses/jewellery-design
274,Jewellery Design Courses,5,careers360,11-11-2022,https://design.careers360.com/colleges/list-of-jewellery-design-colleges-in-delhi
275,Jewellery Design Courses,16,collegedekho,11-11-2022,https://www.collegedekho.com/courses/diploma-in-jewellery-design/
276,Business Management Courses,3,shiksha,11-11-2022,https://www.shiksha.com/business-management-studies/colleges/colleges-delhi
277,Business Management Courses,5,collegedunia,11-11-2022,https://collegedunia.com/courses/business-management
278,Business Management Courses,41,careers360,11-11-2022,https://www.careers360.com/courses/business-management-studies-course
279,Business Management Courses,1,newdelhiymca,11-11-2022,https://www.newdelhiymca.in/ims/programme/certificate-course-in-business-management
280,Teacher Training Course,8,collegedunia,11-11-2022,https://collegedunia.com/courses/teacher-training
281,Teacher Training Course,10,shiksha,11-11-2022,https://www.shiksha.com/teaching-education/articles/top-10-teacher-training-courses-in-india-blogId-23333
282,Teacher Training Course,32,careers360,11-11-2022,https://www.careers360.com/courses-certifications/articles/15-online-courses-for-high-paid-career-in-teaching
283,Teacher Training Course,41,collegedekho,11-11-2022,https://www.collegedekho.com/colleges/delhi-teachers-training-college
284,Teacher Training Course,1,delhiteachertrainingcollege,11-11-2022,http://www.delhiteachertrainingcollege.com/
285,English Courses,33,shiksha,11-11-2022,https://www.shiksha.com/humanities-social-sciences/languages/colleges/english-colleges-delhi-ncr
286,English Courses,50,collegedunia,11-11-2022,https://collegedunia.com/courses/english
287,English Courses,1,coursera,11-11-2022,https://www.coursera.org/browse/language-learning/learning-english
288,Optometry Courses,1,careers360,11-11-2022,https://www.careers360.com/courses/optometry-course
289,Optometry Courses,2,shiksha,11-11-2022,https://www.shiksha.com/medicine-health-sciences/paramedical/colleges/optometry-colleges-delhi-ncr
290,Optometry Courses,3,collegedunia,11-11-2022,https://collegedunia.com/courses/bachelor-of-science-bsc-optometry
291,Optometry Courses,4,collegedekho,11-11-2022,https://www.collegedekho.com/para-medical/optometry-colleges-in-delhi/
292,Cosmetology Courses,1,shiksha,11-11-2022,https://www.shiksha.com/beauty-fitness/beauty-culture-cosmetology/colleges/colleges-delhi-ncr
293,Cosmetology Courses,2,collegedunia,11-11-2022,https://collegedunia.com/courses/cosmetology
294,Cosmetology Courses,15,collegedekho,11-11-2022,https://www.collegedekho.com/courses/cosmetology/
295,Cosmetology Courses,31,careers360,11-11-2022,https://www.careers360.com/courses/articles/diploma-in-cosmetology-courses-counar
296,Excel Courses,32,collegedunia,11-11-2022,https://collegedunia.com/courses/excel
297,Excel Courses,41,careers360,11-11-2022,https://www.careers360.com/courses-certifications/microsoft-excel-courses-brpg
298,Excel Courses,86,shiksha,11-11-2022,https://www.shiksha.com/college/manipal-prolearn-bangalore-electronic-city-47764/course-online-certificate-in-advanced-ms-excel-2016-318309
299,Excel Courses,1,udemy,11-11-2022,https://www.udemy.com/topic/excel/
300,SAP Fico Courses,13,collegedunia,11-11-2022,https://collegedunia.com/courses/sap-fico
301,SAP Fico Courses,80,shiksha,11-11-2022,https://www.shiksha.com/college/aims-institute-of-management-studies-kondhwa-budruk-pune-31637/course-sap-certification-481737
302,SAP Fico Courses,1,sap,11-11-2022,https://training.sap.com/content/sap-fico-training-overview
303,Management Courses,1,collegedunia,11-11-2022,https://collegedunia.com/courses/management
304,Management Courses,5,shiksha,11-11-2022,https://www.shiksha.com/business-management-studies/colleges/colleges-delhi
305,Management Courses,11,careers360,11-11-2022,https://www.careers360.com/courses/list-of-management-courses-in-india
306,Fine Arts Courses,1,careers360,11-11-2022,https://www.careers360.com/courses/fine-arts-course
307,Fine Arts Courses,6,collegedunia,11-11-2022,https://collegedunia.com/courses/fine-arts
308,Fine Arts Courses,8,shiksha,11-11-2022,https://www.shiksha.com/bfa-bachelor-of-fine-arts-chp
309,Fine Arts Courses,12,collegedekho,11-11-2022,https://www.collegedekho.com/courses/bachelor-of-fine-arts-bfa/
310,Skill Development Courses,7,careers360,11-11-2022,https://www.careers360.com/courses-certifications/skill-development-courses-brpg
311,Skill Development Courses,11,collegedunia,11-11-2022,https://collegedunia.com/courses/skill-development
312,Skill Development Courses,1,nsdcindia,11-11-2022,https://nsdcindia.org/
313,Finance Courses,8,shiksha,11-11-2022,https://www.shiksha.com/banking-finance-insurance/colleges/colleges-delhi
314,Finance Courses,23,collegedunia,11-11-2022,https://collegedunia.com/courses/finance/finance-courses-after-12
315,Finance Courses,40,careers360,11-11-2022,https://www.careers360.com/courses/finance-course
316,Finance Courses,87,collegedekho,11-11-2022,https://www.collegedekho.com/articles/short-term-courses-in-finance-in-india/
317,Finance Courses,1,coursera,11-11-2022,https://in.coursera.org/browse/business/finance
318,Civil Engineering Courses,1,shiksha,11-11-2022,https://www.shiksha.com/engineering/civil-engineering-chp
319,Civil Engineering Courses,3,collegedunia,11-11-2022,https://collegedunia.com/engineering/civil-engineering/delhi-ncr-colleges
320,Civil Engineering Courses,58,collegedekho,11-11-2022,https://www.collegedekho.com/courses/diploma-civil-engineering/
321,Social Media Marketing Courses,18,collegedunia,11-11-2022,https://collegedunia.com/courses/social-media-marketing
322,Social Media Marketing Courses,89,careers360,11-11-2022,https://www.careers360.com/courses-certifications/social-media-marketing-certificate-courses
323,Social Media Marketing Courses,1,udemy,11-11-2022,https://www.udemy.com/topic/social-media-marketing/
324,VFX Courses,3,shiksha,11-11-2022,https://www.shiksha.com/animation/visual-effects-vfx-chp
325,VFX Courses,8,collegedunia,11-11-2022,https://collegedunia.com/animation/visual-effects-vfx/delhi-ncr-colleges
326,VFX Courses,14,collegedekho,11-11-2022,https://www.collegedekho.com/courses/vfx-animation/
327,VFX Courses,84,careers360,11-11-2022,https://www.careers360.com/courses-certifications/edge-by-pearl-academy-visual-effects-courses-brp-org
328,VFX Courses,1,maacindia,11-11-2022,https://www.maacindia.com/visual-effects-courses.aspx
329,SQL Courses,14,collegedunia,11-11-2022,https://collegedunia.com/courses/sql
330,SQL Courses,75,careers360,11-11-2022,https://www.careers360.com/courses-certifications/sql-courses-brpg?page=2
331,SQL Courses,80,shiksha,11-11-2022,https://www.shiksha.com/it-software/programming/colleges/pl-sql-colleges-siliguri
332,SQL Courses,1,udemy,11-11-2022,https://www.udemy.com/topic/sql/
333,Naturopathy Courses,1,shiksha,11-11-2022,https://www.shiksha.com/medicine-health-sciences/naturopathy-courses-chp
334,Naturopathy Courses,3,collegedunia,11-11-2022,https://collegedunia.com/courses/naturopathy
335,Naturopathy Courses,4,careers360,11-11-2022,https://www.careers360.com/courses/naturopathy-course
336,Naturopathy Courses,11,collegedekho,11-11-2022,https://www.collegedekho.com/courses/diploma-in-naturopathy/
337,Agile Certification,14,collegedunia,11-11-2022,https://collegedunia.com/courses/agile-certification
338,Agile Certification,1,pmi,11-11-2022,https://www.pmi.org/certifications/agile-certifications
339,Mechanical Engineering Courses,1,shiksha,11-11-2022,https://www.shiksha.com/engineering/mechanical-engineering-chp
340,Mechanical Engineering Courses,4,careers360,11-11-2022,https://www.careers360.com/courses/mechanical-engineering-course
341,Mechanical Engineering Courses,9,collegedunia,11-11-2022,https://collegedunia.com/engineering/mechanical-engineering/delhi-ncr-colleges
342,Mechanical Engineering Courses,48,collegedekho,11-11-2022,https://www.collegedekho.com/articles/mechanical-engineering-courses-eligibility-jobs-and-salary/
343,Android Development Courses,32,collegedunia,11-11-2022,https://collegedunia.com/courses/android-development
344,Android Development Courses,45,careers360,11-11-2022,https://www.careers360.com/courses-certifications/android-courses-brpg
345,Android Development Courses,1,android,11-11-2022,https://developer.android.com/courses
346,SEO Courses,28,collegedunia,11-11-2022,https://collegedunia.com/courses/seo
347,SEO Courses,1,udemy,11-11-2022,https://www.udemy.com/topic/seo/
348,Oracle Certification,19,collegedunia,11-11-2022,https://collegedunia.com/courses/oracle
349,Oracle Certification,1,oracle,11-11-2022,https://education.oracle.com/certification
350,French Language Courses,8,collegedunia,11-11-2022,https://collegedunia.com/courses/french/french-language-courses-in-delhi
351,French Language Courses,28,shiksha,11-11-2022,https://www.shiksha.com/humanities-social-sciences/french-chp
352,French Language Courses,72,careers360,11-11-2022,https://www.careers360.com/courses/foreign-language-course
353,French Language Courses,1,chandigarhmetro,11-11-2022,https://chandigarhmetro.com/french-language-course-classes-delhi-fee-best-list/
354,Marketing Courses,12,collegedunia,11-11-2022,https://collegedunia.com/courses/digital-marketing/digital-marketing-courses-in-delhi
355,Marketing Courses,41,shiksha,11-11-2022,https://www.shiksha.com/business-management-studies/colleges/certificate-sales-marketing-colleges-delhi-ncr
356,Marketing Courses,1,coursera,11-11-2022,https://www.coursera.org/browse/business/marketing
357,Criminology Courses,1,collegedunia,11-11-2022,https://collegedunia.com/courses/criminology
358,Criminology Courses,8,careers360,11-11-2022,https://law.careers360.com/colleges/list-of-criminology-and-forensic-law-colleges-in-delhi
359,Criminology Courses,10,shiksha,11-11-2022,https://www.shiksha.com/humanities-social-sciences/colleges/criminology-colleges-india
360,Game Development Courses,7,collegedunia,11-11-2022,https://collegedunia.com/courses/game-development
361,Game Development Courses,14,shiksha,11-11-2022,https://www.shiksha.com/design/communication-design/colleges/game-design-colleges-delhi-ncr
362,Game Development Courses,47,collegedekho,11-11-2022,https://www.collegedekho.com/courses/bsc-game-designing-and-development/
363,Game Development Courses,87,careers360,11-11-2022,https://www.careers360.com/courses/articles/game-designing-courses-after-12th-counar
364,Game Development Courses,1,udemy,11-11-2022,https://www.udemy.com/courses/development/game-development/
365,Public Speaking Courses,36,collegedunia,11-11-2022,https://collegedunia.com/courses/public-speaking
366,Public Speaking Courses,1,engmates,11-11-2022,https://engmates.com/public-speaking-course-delhi
367,Clinical Research Courses,2,careers360,11-11-2022,https://www.careers360.com/courses/clinical-research-course
368,Clinical Research Courses,4,shiksha,11-11-2022,https://www.shiksha.com/medicine-health-sciences/clinical-research-chp
369,Clinical Research Courses,8,collegedunia,11-11-2022,https://collegedunia.com/courses/diploma-in-clinical-research
370,Clinical Research Courses,32,collegedekho,11-11-2022,https://www.collegedekho.com/courses/clinical-research/
371,Clinical Research Courses,1,coursera,11-11-2022,https://www.coursera.org/courses?query=clinical%20research
372,Airport Management Courses,1,collegedunia,11-11-2022,https://collegedunia.com/courses/airport-management
373,Airport Management Courses,7,shiksha,11-11-2022,https://www.shiksha.com/aviation/articles/airport-management-course-blogId-30093
374,Airport Management Courses,12,careers360,11-11-2022,https://www.careers360.com/courses/aviation-management-course
375,Airport Management Courses,22,collegedekho,11-11-2022,https://www.collegedekho.com/courses/aviation-courses/
376,Food Technology Courses,1,shiksha,11-11-2022,https://www.shiksha.com/engineering/food-technology-chp
377,Food Technology Courses,3,collegedunia,11-11-2022,https://collegedunia.com/science/food-science/delhi-ncr-colleges
378,Food Technology Courses,4,careers360,11-11-2022,https://www.careers360.com/courses/food-technology-course
379,Food Technology Courses,8,collegedekho,11-11-2022,https://www.collegedekho.com/sciences/food_science-colleges-in-delhi/
380,Bioinformatics Courses,5,careers360,11-11-2022,https://www.careers360.com/courses/bio-informatics-course
381,Bioinformatics Courses,7,collegedunia,11-11-2022,https://collegedunia.com/courses/bioinformatics
382,Bioinformatics Courses,1,coursera,11-11-2022,https://www.coursera.org/courses?query=bioinformatics
383,Google Analytics Courses,22,collegedunia,11-11-2022,https://collegedunia.com/courses/google-analytics
384,Google Analytics Courses,38,careers360,11-11-2022,https://www.careers360.com/courses-certifications/google-analytics-courses-brpg
385,Google Analytics Courses,1,google,11-11-2022,https://analytics.google.com/analytics/academy/
386,Tableau Courses,20,collegedunia,11-11-2022,https://collegedunia.com/courses/tableau
387,Tableau Courses,1,tableau,11-11-2022,https://www.tableau.com/learn/classroom
388,Data Engineering Courses,24,collegedunia,11-11-2022,https://collegedunia.com/courses/data-engineering
389,Data Engineering Courses,1,coursera,11-11-2022,https://www.coursera.org/courses?query=data%20engineering
390,Pathology Courses,1,careers360,11-11-2022,https://www.careers360.com/courses/pathology-course
391,Pathology Courses,2,collegedunia,11-11-2022,https://collegedunia.com/courses/pathology/pathology-courses-after-12th
392,Pathology Courses,4,collegedekho,11-11-2022,https://www.collegedekho.com/para-medical/pathology-colleges-in-delhi/
393,Hospitality Management Courses,1,careers360,11-11-2022,https://www.careers360.com/courses/hospitality-management-course
394,Hospitality Management Courses,2,collegedunia,11-11-2022,https://collegedunia.com/courses/hospitality-management
395,Hospitality Management Courses,3,shiksha,11-11-2022,https://www.shiksha.com/hospitality-travel/hotel-hospitality-management/colleges/diploma-courses-delhi-ncr
396,Hospitality Management Courses,4,collegedekho,11-11-2022,https://www.collegedekho.com/hospitality-aviation/hospitality_management-colleges-in-delhi/
397,Dietitian Courses,2,collegedunia,11-11-2022,https://collegedunia.com/courses/dietetics/dietician-courses-in-delhi
398,Dietitian Courses,4,collegedekho,11-11-2022,https://www.collegedekho.com/courses/nutrition-and-dietetics/
399,Dietitian Courses,5,careers360,11-11-2022,https://www.careers360.com/courses/nutrition-and-dietetics-course
400,Dietitian Courses,7,shiksha,11-11-2022,https://www.shiksha.com/hospitality-travel/dietetics-chp
401,Dietitian Courses,1,leverageedu,11-11-2022,https://leverageedu.com/blog/dietician-course/
402,Embedded Systems Courses,15,collegedunia,11-11-2022,https://collegedunia.com/courses/embedded-systems
403,Embedded Systems Courses,21,careers360,11-11-2022,https://www.careers360.com/courses-certifications/articles/best-30-courses-on-embedded-system-on-coursera
404,Embedded Systems Courses,37,shiksha,11-11-2022,https://www.shiksha.com/it-software/networking-hardware-security/colleges/embedded-systems-vlsi-colleges-india
405,Embedded Systems Courses,1,coursera,11-11-2022,https://www.coursera.org/courses?query=embedded%20systems
406,Entrepreneurship Courses,13,shiksha,11-11-2022,https://www.shiksha.com/business-management-studies/entrepreneurship-courses-chp
407,Entrepreneurship Courses,30,collegedunia,11-11-2022,https://collegedunia.com/courses/entrepreneurship
408,Entrepreneurship Courses,33,careers360,11-11-2022,https://bschool.careers360.com/colleges/list-of-entrepreneurship-colleges-in-delhi
409,Entrepreneurship Courses,1,udemy,11-11-2022,https://www.udemy.com/courses/business/entrepreneurship/
410,Product Design Courses,4,careers360,11-11-2022,https://design.careers360.com/colleges/list-of-product-design-colleges-in-delhi
411,Product Design Courses,5,shiksha,11-11-2022,https://www.shiksha.com/design/industrial-product-design/colleges/colleges-delhi
412,Product Design Courses,14,collegedunia,11-11-2022,https://collegedunia.com/courses/product-design
413,Product Design Courses,88,collegedekho,11-11-2022,https://www.collegedekho.com/design/product_design-colleges-in-india/
414,Product Design Courses,1,udacity,11-11-2022,https://www.udacity.com/course/product-design--ud509
415,Business Courses,8,shiksha,11-11-2022,https://www.shiksha.com/business-management-studies/colleges/colleges-delhi
416,Business Courses,16,collegedunia,11-11-2022,https://collegedunia.com/courses/business-management
417,Business Courses,78,careers360,11-11-2022,https://bschool.careers360.com/colleges/list-of-international-business-colleges-in-delhi
418,Business Courses,1,coursera,11-11-2022,https://in.coursera.org/browse/business
419,Linkedin Courses,56,careers360,11-11-2022,https://www.careers360.com/courses-certifications/articles/which-are-top-10-courses-on-linkedin-learning
420,Linkedin Courses,1,linkedin,11-11-2022,https://www.linkedin.com/learning/courses
421,Communication Skills Courses,42,collegedunia,11-11-2022,https://collegedunia.com/courses/communication-skills
422,Communication Skills Courses,82,careers360,11-11-2022,https://www.careers360.com/courses-certifications/articles/14-courses-on-communication-skills-that-will-help-you-communicate-effectively-certp
423,Communication Skills Courses,1,coursera,11-11-2022,https://in.coursera.org/courses?query=communication%20skills
424,Stock Trading Courses,55,collegedunia,11-11-2022,https://collegedunia.com/courses/stock-trading
425,Stock Trading Courses,72,careers360,11-11-2022,https://www.careers360.com/courses-certifications/institute-of-financial-market-courses-stock-market-course-for-beginners-course
426,Stock Trading Courses,1,udemy,11-11-2022,https://www.udemy.com/topic/stock-trading/
427,Humanities Courses,3,shiksha,11-11-2022,https://www.shiksha.com/humanities-social-sciences-chp
428,Humanities Courses,5,collegedunia,11-11-2022,https://collegedunia.com/courses/humanities
429,Humanities Courses,29,careers360,11-11-2022,https://www.careers360.com/courses-certifications/humanities-courses-ctpg
430,Humanities Courses,1,coursera,11-11-2022,https://www.coursera.org/browse/arts-and-humanities
431,Robotics Courses,7,shiksha,11-11-2022,https://www.shiksha.com/engineering/robotics-engineering-chp
432,Robotics Courses,10,collegedunia,11-11-2022,https://collegedunia.com/courses/robotics
433,Robotics Courses,49,careers360,11-11-2022,https://www.careers360.com/courses/articles/robotics-courses-after-12th-counar
434,Robotics Courses,1,coursera,11-11-2022,https://www.coursera.org/courses?query=robotics
435,Big Data Courses,18,collegedunia,11-11-2022,https://collegedunia.com/courses/big-data
436,Big Data Courses,49,careers360,11-11-2022,https://www.careers360.com/courses/big-data-analytics-course
437,Big Data Courses,77,shiksha,11-11-2022,https://www.shiksha.com/it-software/data-analytics-chp
438,Big Data Courses,1,udemy,11-11-2022,https://www.udemy.com/topic/big-data/
439,Yoga Courses,3,shiksha,11-11-2022,https://www.shiksha.com/beauty-fitness/yoga-chp
440,Yoga Courses,19,collegedunia,11-11-2022,https://collegedunia.com/courses/certificate-course-in-yoga
441,Yoga Courses,23,careers360,11-11-2022,https://www.careers360.com/courses/yoga-course
442,Yoga Courses,55,collegedekho,11-11-2022,https://www.collegedekho.com/vocational/yoga-colleges-in-delhi/
443,Yoga Courses,1,bvbdelhi,11-11-2022,https://www.bvbdelhi.org/yoga/
444,Modeling Courses,1,careers360,11-11-2022,https://www.careers360.com/courses/modelling-course
445,Modeling Courses,2,collegedunia,11-11-2022,https://collegedunia.com/courses/modelling
446,Modeling Courses,17,shiksha,11-11-2022,https://www.shiksha.com/college/fima-frankfinn-institute-of-modeling-and-acting-rajouri-garden-delhi-47334/courses
447,Film Making Courses,1,shiksha,11-11-2022,https://www.shiksha.com/arts-fine-visual-performing/film-making/colleges/colleges-delhi-ncr
448,Film Making Courses,3,collegedunia,11-11-2022,https://collegedunia.com/courses/film-making
449,Film Making Courses,43,careers360,11-11-2022,https://design.careers360.com/colleges/list-of-diploma-in-film-making-colleges-in-india
450,Film Making Courses,47,collegedekho,11-11-2022,https://www.collegedekho.com/articles/top-film-media-schools-in-india-fees-location-and-scope/
451,Game Design Courses,3,shiksha,11-11-2022,https://www.shiksha.com/it-software/game-design-chp
452,Game Design Courses,11,collegedunia,11-11-2022,https://collegedunia.com/courses/game-design
453,Game Design Courses,13,careers360,11-11-2022,https://www.careers360.com/courses/game-design-course
454,Game Design Courses,1,udemy,11-11-2022,https://www.udemy.com/courses/design/game-design/
455,Textile Designing Courses,1,shiksha,11-11-2022,https://www.shiksha.com/design/fashion-design/colleges/textile-design-colleges-delhi-ncr
456,Textile Designing Courses,2,collegedekho,11-11-2022,https://www.collegedekho.com/courses/textile-designing/
457,Textile Designing Courses,3,collegedunia,11-11-2022,https://collegedunia.com/courses/textile-designing
458,Textile Designing Courses,5,careers360,11-11-2022,https://www.careers360.com/courses/textile-design-course
459,Dentistry Courses,6,collegedunia,11-11-2022,https://collegedunia.com/courses/dental
460,Dentistry Courses,11,shiksha,11-11-2022,https://www.shiksha.com/medicine-health-sciences/dental-chp
461,Dentistry Courses,13,careers360,11-11-2022,https://www.careers360.com/courses-certifications/dentistry-courses-brpg
462,Dentistry Courses,1,coursera,11-11-2022,https://www.coursera.org/courses?query=dental
463,Human Resource Management Courses,3,shiksha,11-11-2022,https://www.shiksha.com/business-management-studies/colleges/certificate-human-resources-colleges-delhi-ncr
464,Human Resource Management Courses,6,careers360,11-11-2022,https://www.careers360.com/courses/human-resource-management-course
465,Human Resource Management Courses,7,collegedunia,11-11-2022,https://collegedunia.com/courses/human-resources-management
466,Human Resource Management Courses,13,collegedekho,11-11-2022,https://www.collegedekho.com/mba/hr_management-colleges-in-delhi/
467,Human Resource Management Courses,1,newdelhiymca,11-11-2022,https://www.newdelhiymca.in/ims/programme/certificate-course-in-human-resource-management
468,Library Science Courses,2,shiksha,11-11-2022,https://www.shiksha.com/b-lib-sc-bachelor-of-library-science-chp
469,Library Science Courses,3,careers360,11-11-2022,https://www.careers360.com/courses/library-science-course
470,Library Science Courses,6,collegedunia,11-11-2022,https://collegedunia.com/courses/bachelor-of-library-and-information-science-blibisc
471,Library Science Courses,16,collegedekho,11-11-2022,https://www.collegedekho.com/courses/bachelor-of-library-and-information-science-blib/
472,Library Science Courses,1,du,11-11-2022,http://dlis.du.ac.in/blis.html
473,Actuarial Science Courses,1,careers360,11-11-2022,https://www.careers360.com/courses/actuarial-science-course
474,Actuarial Science Courses,2,collegedekho,11-11-2022,https://www.collegedekho.com/courses/actuarial-science/
475,Actuarial Science Courses,3,collegedunia,11-11-2022,https://collegedunia.com/courses/actuarial-science
476,Actuarial Science Courses,11,shiksha,11-11-2022,https://www.shiksha.com/science/articles/actuarial-science-colleges-in-india-know-eligibility-admission-process-more-blogId-62639
477,Bartending Courses,1,collegedunia,11-11-2022,https://collegedunia.com/courses/bartending-courses
478,Bartending Courses,4,collegedekho,11-11-2022,https://www.collegedekho.com/courses/bartending-courses/
479,Bartending Courses,6,shiksha,11-11-2022,https://www.shiksha.com/hospitality-travel/bartending-chp
480,Bartending Courses,8,careers360,11-11-2022,https://www.careers360.com/courses/bartending-course
481,C++ Courses,46,collegedunia,11-11-2022,https://collegedunia.com/courses/cpp/cpp-course-on-udemy
482,C++ Courses,53,shiksha,11-11-2022,https://www.shiksha.com/it-software/online-courses-of-c-c-chp
483,C++ Courses,1,udemy,11-11-2022,https://www.udemy.com/topic/c-plus-plus/
484,Cardiology Courses,1,collegedunia,11-11-2022,https://collegedunia.com/courses/cardiology/cardiology-courses-after-12th
485,Cardiology Courses,24,collegedekho,11-11-2022,https://www.collegedekho.com/courses/cardiology/
486,Cardiology Courses,51,shiksha,11-11-2022,https://www.shiksha.com/medicine-health-sciences/paramedical/colleges/cardiovascular-technology-colleges-kerala
487,Computer Application Courses,1,collegedunia,11-11-2022,https://collegedunia.com/courses/computer-applications
488,Computer Application Courses,2,careers360,11-11-2022,https://www.careers360.com/courses/computer-applications-course
489,Computer Application Courses,5,shiksha,11-11-2022,https://www.shiksha.com/college/new-delhi-ymca-institute-for-media-studies-and-information-technology-connaught-place-180485/course-diploma-in-computer-application-255519
490,Computer Application Courses,45,collegedekho,11-11-2022,https://www.collegedekho.com/courses/diploma-in-computer-application/
491,Fashion Technology Courses,1,shiksha,11-11-2022,https://www.shiksha.com/design/fashion-designing-chp
492,Fashion Technology Courses,2,collegedekho,11-11-2022,https://www.collegedekho.com/courses/bsc-fashion-technology/
493,Fashion Technology Courses,3,collegedunia,11-11-2022,https://collegedunia.com/courses/bachelor-of-science-bsc-fashion-technology
494,Fashion Technology Courses,7,careers360,11-11-2022,https://www.careers360.com/courses/fashion-design-course
495,Radiography Courses,1,collegedunia,11-11-2022,https://collegedunia.com/courses/radiology
496,Radiography Courses,2,careers360,11-11-2022,https://www.careers360.com/courses/medical-radiography-course
497,Radiography Courses,64,shiksha,11-11-2022,https://www.shiksha.com/university/parul-university-vadodara-30821/course-diploma-in-radiography-253243
498,3d Animation Courses,4,shiksha,11-11-2022,https://www.shiksha.com/animation/2d-3d-animation/colleges/colleges-delhi
499,3d Animation Courses,5,collegedunia,11-11-2022,https://collegedunia.com/courses/animation/animation-courses-in-delhi
500,3d Animation Courses,42,careers360,11-11-2022,https://www.careers360.com/courses-certifications/articles/17-top-3d-animation-courses-online-certp
501,3d Animation Courses,65,collegedekho,11-11-2022,https://www.collegedekho.com/articles/all-you-need-to-know-about-a-career-in-animation/
502,3d Animation Courses,1,udemy,11-11-2022,https://www.udemy.com/topic/3d-animation/
503,Home Science Courses,1,shiksha,11-11-2022,https://www.shiksha.com/science/home-science-chp
504,Home Science Courses,2,careers360,11-11-2022,https://www.careers360.com/courses/home-science-course
505,Home Science Courses,3,collegedunia,11-11-2022,https://collegedunia.com/bsc/home-science/delhi-ncr-colleges
506,Home Science Courses,8,collegedekho,11-11-2022,https://www.collegedekho.com/courses/bsc-home-science/
507,Html Courses,22,collegedunia,11-11-2022,https://collegedunia.com/courses/html
508,Html Courses,51,shiksha,11-11-2022,https://www.shiksha.com/it-software/programming/colleges/html-css-colleges-delhi-ncr
509,Html Courses,1,coursera,11-11-2022,https://www.coursera.org/courses?query=html
510,Occupational Therapy Courses,1,careers360,11-11-2022,https://www.careers360.com/courses/occupational-therapy-course
511,Occupational Therapy Courses,2,shiksha,11-11-2022,https://www.shiksha.com/medicine-health-sciences/occupational-therapy-chp
512,Occupational Therapy Courses,3,collegedunia,11-11-2022,https://collegedunia.com/courses/occupational-therapy
513,Occupational Therapy Courses,39,collegedekho,11-11-2022,https://www.collegedekho.com/para-medical/occupational_therapy-colleges-in-delhi/
514,Occupational Therapy Courses,49,universityshiksha,11-11-2022,https://universityshiksha.com/occupational-therapy.php
515,Pharmacovigilance Courses,2,collegedunia,11-11-2022,https://collegedunia.com/courses/pharmacovigilance
516,Pharmacovigilance Courses,8,shiksha,11-11-2022,https://www.shiksha.com/medicine-health-sciences/pharmacy/colleges/pharmacovigilance-colleges-delhi-ncr
517,Pharmacovigilance Courses,84,careers360,11-11-2022,https://www.careers360.com/courses-certifications/henry-harvin-pharmacovigilance-training-course
518,Pharmacovigilance Courses,1,udemy,11-11-2022,https://www.udemy.com/course/certificate-course-in-pharmacovigilance/
519,Automation Testing Courses,28,collegedunia,11-11-2022,https://collegedunia.com/courses/automation-testing
520,Automation Testing Courses,48,careers360,11-11-2022,https://www.careers360.com/courses-certifications/automation-testing-courses-brpg
521,Automation Testing Courses,70,shiksha,11-11-2022,https://www.shiksha.com/college/naresh-i-technologies-ameerpet-hyderabad-35916/course-software-testing-manual-automation-162075
522,Automation Testing Courses,1,udemy,11-11-2022,https://www.udemy.com/topic/automation-testing/
523,Foreign Language Courses,3,collegedunia,11-11-2022,https://collegedunia.com/courses/foreign-language
524,Foreign Language Courses,13,careers360,11-11-2022,https://www.careers360.com/courses/foreign-language-course
525,Foreign Language Courses,25,shiksha,11-11-2022,https://www.shiksha.com/humanities-social-sciences/languages/colleges/colleges-delhi-ncr
526,Foreign Language Courses,59,collegedekho,11-11-2022,https://www.collegedekho.com/articles/part-time-language-courses-delhi-university-du/
527,Foreign Language Courses,1,studyfrenchspanish,11-11-2022,https://www.studyfrenchspanish.com/language-courses-delhi/
528,Language Courses,10,shiksha,11-11-2022,https://www.shiksha.com/humanities-social-sciences/languages/colleges/colleges-delhi-ncr
529,Language Courses,20,collegedunia,11-11-2022,https://collegedunia.com/courses/language
530,Language Courses,37,careers360,11-11-2022,https://www.careers360.com/courses/language-course
531,Language Courses,56,collegedekho,11-11-2022,https://www.collegedekho.com/articles/part-time-language-courses-delhi-university-du/
532,Language Courses,1,studyfrenchspanish,11-11-2022,https://www.studyfrenchspanish.com/language-courses-delhi/
533,IFRS Course,6,collegedunia,11-11-2022,https://collegedunia.com/courses/ifrs
534,IFRS Course,46,shiksha,11-11-2022,https://www.shiksha.com/college/ramanujan-college-kalkaji-delhi-49135/course-diploma-in-international-financial-reporting-standards-ifrs-291701
535,IFRS Course,73,careers360,11-11-2022,https://www.careers360.com/courses-certifications/ims-proschool-international-financial-reporting-standards-certification-course-course
536,IFRS Course,1,home,11-11-2022,https://home.kpmg/in/en/home/services/learning-academy/program-dipifr.html
537,Cinematography Courses,2,collegedunia,11-11-2022,https://collegedunia.com/courses/cinematography/cinematography-courses-in-delhi
538,Cinematography Courses,3,careers360,11-11-2022,https://www.careers360.com/courses/cinematography-course
539,Cinematography Courses,4,shiksha,11-11-2022,https://www.shiksha.com/mass-communication-media/colleges/cinematography-colleges-delhi-ncr
540,Cinematography Courses,58,collegedekho,11-11-2022,https://www.collegedekho.com/mass-comm/cinematography-colleges-in-india/
541,Cinematography Courses,1,udemy,11-11-2022,https://www.udemy.com/topic/cinematography/
542,Six Sigma Courses,19,shiksha,11-11-2022,https://www.shiksha.com/it-software/six-sigma-chp
543,Six Sigma Courses,38,collegedunia,11-11-2022,https://collegedunia.com/courses/six-sigma/online-courses
544,Six Sigma Courses,39,careers360,11-11-2022,https://www.careers360.com/courses-certifications/six-sigma-courses-brpg
545,Six Sigma Courses,1,udemy,11-11-2022,https://www.udemy.com/topic/six-sigma/
546,SAS Courses,5,collegedunia,11-11-2022,https://collegedunia.com/courses/sas
547,SAS Courses,49,careers360,11-11-2022,https://www.careers360.com/courses-certifications/sas-programming-courses-brpg
548,SAS Courses,56,shiksha,11-11-2022,https://www.shiksha.com/college/nidhi-infotech-jayanagar-bangalore-32607/course-sas-training-129478
549,SAS Courses,1,sas,11-11-2022,https://www.sas.com/en_in/training/overview.html
550,Automotive Engineering Courses,1,careers360,11-11-2022,https://www.careers360.com/courses/automotive-engineering-course
551,Automotive Engineering Courses,2,shiksha,11-11-2022,https://www.shiksha.com/engineering/automobile-engineering-chp
552,Automotive Engineering Courses,5,collegedunia,11-11-2022,https://collegedunia.com/courses/automotive-engineering
553,Automotive Engineering Courses,92,collegedekho,11-11-2022,https://www.collegedekho.com/courses/engineering-bachelor-of-technology-b-tech-automobile-ug/
554,Bakery Courses,2,collegedunia,11-11-2022,https://collegedunia.com/courses/bakery
555,Bakery Courses,9,shiksha,11-11-2022,https://www.shiksha.com/hospitality-travel/culinary-arts/colleges/bakery-confectionery-colleges-delhi-ncr
556,Bakery Courses,20,careers360,11-11-2022,https://www.careers360.com/courses/bakery-and-confectionery-course
557,Bakery Courses,1,so,11-11-2022,https://so.city/delhi/article/flour-mix-bake-take-a-look-at-the-best-pastry-baking-academies-in-delhi
558,Financial Risk Management Courses,1,collegedunia,11-11-2022,https://collegedunia.com/courses/financial-risk-management
559,Financial Risk Management Courses,11,careers360,11-11-2022,https://www.careers360.com/courses-certifications/financial-risk-management-courses-brpg
560,Financial Risk Management Courses,55,shiksha,11-11-2022,https://www.shiksha.com/banking-finance-insurance/risk-management-courses-chp
561,Life Science Courses,1,careers360,11-11-2022,https://www.careers360.com/courses/life-science-course
562,Life Science Courses,4,collegedekho,11-11-2022,https://www.collegedekho.com/courses/bsc-life-sciences/
563,Life Science Courses,7,collegedunia,11-11-2022,https://collegedunia.com/courses/bachelor-of-science-bsc-life-sciences
564,Life Science Courses,40,shiksha,11-11-2022,https://www.shiksha.com/college/manipal-school-of-life-sciences-manipal-academy-of-higher-education-3193
565,Photoshop Courses,12,collegedunia,11-11-2022,https://collegedunia.com/courses/photoshop
566,Photoshop Courses,19,shiksha,11-11-2022,https://www.shiksha.com/animation/graphic-web-design/colleges/photoshop-colleges-delhi
567,Photoshop Courses,69,careers360,11-11-2022,https://www.careers360.com/courses-certifications/articles/25-advanced-adobe-photoshop-courses-for-graphic-designers
568,Photoshop Courses,1,udemy,11-11-2022,https://www.udemy.com/topic/photoshop/
569,Science Courses,1,shiksha,11-11-2022,https://www.shiksha.com/science-chp
570,Science Courses,2,careers360,11-11-2022,https://www.careers360.com/courses/sciences-course
571,Science Courses,3,collegedunia,11-11-2022,https://collegedunia.com/courses/science-courses-after-12th
572,Science Courses,67,collegedekho,11-11-2022,https://www.collegedekho.com/courses/bachelor-of-science-bsc/
573,Special Education Courses,1,shiksha,11-11-2022,https://www.shiksha.com/teaching-education/special-education/colleges/colleges-delhi-ncr
574,Special Education Courses,8,collegedunia,11-11-2022,https://collegedunia.com/courses/special-education
575,Special Education Courses,10,collegedekho,11-11-2022,https://www.collegedekho.com/courses/diploma-in-special-education/
576,Special Education Courses,12,careers360,11-11-2022,https://medicine.careers360.com/colleges/list-of-bed-spled-colleges-in-delhi
577,Astrology Courses,2,collegedunia,11-11-2022,https://collegedunia.com/courses/astrology/astrology-courses-in-delhi
578,Astrology Courses,3,careers360,11-11-2022,https://www.careers360.com/courses/astrology-course
579,Astrology Courses,23,shiksha,11-11-2022,https://www.shiksha.com/college/bharti-institute-of-vedic-astrology-shalimar-bagh-delhi-3009/courses
580,Astrology Courses,42,collegedekho,11-11-2022,https://www.collegedekho.com/courses/ba-astrology/
581,Astrology Courses,1,udemy,11-11-2022,https://www.udemy.com/topic/astrology/
582,Clinical Psychology Courses,1,collegedunia,11-11-2022,https://collegedunia.com/courses/clinical-psychology
583,Clinical Psychology Courses,2,careers360,11-11-2022,https://www.careers360.com/courses/clinical-psychology-course
584,Clinical Psychology Courses,3,shiksha,11-11-2022,https://www.shiksha.com/humanities-social-sciences/colleges/clinical-psychology-colleges-delhi-ncr
585,Clinical Psychology Courses,42,collegedekho,11-11-2022,https://www.collegedekho.com/para-medical/clinical_psychology-colleges-in-india/
586,Sports Management Courses,1,careers360,11-11-2022,https://www.careers360.com/courses/sports-management-course
587,Sports Management Courses,2,shiksha,11-11-2022,https://www.shiksha.com/business-management-studies/sports-management-chp
588,Sports Management Courses,3,collegedunia,11-11-2022,https://collegedunia.com/courses/sports-management
589,Sports Management Courses,29,collegedekho,11-11-2022,https://www.collegedekho.com/courses/mba-sports-management/
590,Data Entry Operator Courses,1,collegedunia,11-11-2022,https://collegedunia.com/courses/data-entry-operator
591,Data Entry Operator Courses,9,shiksha,11-11-2022,https://www.shiksha.com/college/nielit-delhi-national-institute-of-electronics-and-information-technology-shastri-nagar-49851/course-certificate-in-data-entry-and-office-automation-273037
592,Data Entry Operator Courses,47,careers360,11-11-2022,https://www.careers360.com/university/rajasthan-ild-skills-university-jaipur/diploma-in-data-entry-operator-course
593,Marketing Management Courses,1,careers360,11-11-2022,https://www.careers360.com/courses/marketing-management-course
594,Marketing Management Courses,5,collegedunia,11-11-2022,https://collegedunia.com/courses/marketing-management-courses
595,Marketing Management Courses,42,shiksha,11-11-2022,https://www.shiksha.com/business-management-studies/sales-marketing-chp
596,Medical Transcription Courses,2,collegedekho,11-11-2022,https://www.collegedekho.com/courses/medical-transcription-course/
597,Medical Transcription Courses,6,shiksha,11-11-2022,https://www.shiksha.com/medicine-health-sciences/medical-transcription-chp
598,Medical Transcription Courses,7,collegedunia,11-11-2022,https://collegedunia.com/courses/medical-transcription
599,Medical Transcription Courses,8,careers360,11-11-2022,https://www.careers360.com/courses/medical-transcription-course
600,Medical Transcription Courses,1,leverageedu,11-11-2022,https://leverageedu.com/blog/medical-transcription-course/
601,Programming Courses,11,shiksha,11-11-2022,https://www.shiksha.com/it-software/programming-chp
602,Programming Courses,22,collegedunia,11-11-2022,https://collegedunia.com/courses/computer-programming
603,Programming Courses,36,careers360,11-11-2022,https://www.careers360.com/courses-certifications/programming-courses-brpg
604,Programming Courses,1,coursera,11-11-2022,https://www.coursera.org/courses?query=programming
