Keyword,Rank_collegedunia.com,URL_collegedunia.com,Rank_shiksha.com,URL_shiksha.com,Rank_careers360.com,URL_careers360.com,Rank_collegedekho.com,URL_collegedekho.com,Rank_aglasem.com,URL_aglasem.com,Rank_embibe.com,URL_embibe.com,Rank_leverageedu.com,URL_leverageedu.com
Delhi University Admission,19,https://collegedunia.com/university/25473-delhi-university-du-new-delhi,12,https://www.shiksha.com/university/delhi-university-du-24642,10,https://university.careers360.com/articles/du-admission,28,https://www.collegedekho.com/articles/complete-guide-to-delhi-university-ba-bcom-bsc-admission/,53,https://admission.aglasem.com/delhi-university-admission/,20,https://www.embibe.com/exams/du-admission/,,
Delhi University Admission,19,https://collegedunia.com/university/25473-delhi-university-du-new-delhi,13,https://www.shiksha.com/university/delhi-university-du-24642,10,https://university.careers360.com/articles/du-admission,28,https://www.collegedekho.com/articles/complete-guide-to-delhi-university-ba-bcom-bsc-admission/,53,https://admission.aglasem.com/delhi-university-admission/,20,https://www.embibe.com/exams/du-admission/,,
Delhi University Admission,19,https://collegedunia.com/university/25473-delhi-university-du-new-delhi,14,https://www.shiksha.com/university/delhi-university-du-24642/admission,10,https://university.careers360.com/articles/du-admission,28,https://www.collegedekho.com/articles/complete-guide-to-delhi-university-ba-bcom-bsc-admission/,53,https://admission.aglasem.com/delhi-university-admission/,20,https://www.embibe.com/exams/du-admission/,,
Delhi University Courses,6,https://collegedunia.com/university/25473-delhi-university-du-new-delhi,8,https://www.shiksha.com/university/delhi-university-du-24642/courses,7,https://university.careers360.com/articles/du-courses,22,https://www.collegedekho.com/university/delhi-university,,,52,https://www.embibe.com/exams/du-courses/,39,https://leverageedu.com/blog/delhi-university-courses-after-12th/
Delhi University Courses,6,https://collegedunia.com/university/25473-delhi-university-du-new-delhi,9,https://www.shiksha.com/university/delhi-university-du-24642/courses,7,https://university.careers360.com/articles/du-courses,22,https://www.collegedekho.com/university/delhi-university,,,52,https://www.embibe.com/exams/du-courses/,39,https://leverageedu.com/blog/delhi-university-courses-after-12th/
Delhi University Courses,6,https://collegedunia.com/university/25473-delhi-university-du-new-delhi,10,https://www.shiksha.com/university/delhi-university-du-24642,7,https://university.careers360.com/articles/du-courses,22,https://www.collegedekho.com/university/delhi-university,,,52,https://www.embibe.com/exams/du-courses/,39,https://leverageedu.com/blog/delhi-university-courses-after-12th/
Delhi University Fees,6,https://collegedunia.com/university/25473-delhi-university-du-new-delhi/courses-fees,8,https://www.shiksha.com/university/delhi-university-du-24642/courses,1,https://university.careers360.com/articles/du-fees,31,https://www.collegedekho.com/university/delhi-university,,,,,,
Delhi University Fees,6,https://collegedunia.com/university/25473-delhi-university-du-new-delhi/courses-fees,9,https://www.shiksha.com/university/delhi-university-du-24642/courses,1,https://university.careers360.com/articles/du-fees,31,https://www.collegedekho.com/university/delhi-university,,,,,,
Delhi University Fees,6,https://collegedunia.com/university/25473-delhi-university-du-new-delhi/courses-fees,10,https://www.shiksha.com/university/delhi-university-du-24642,1,https://university.careers360.com/articles/du-fees,31,https://www.collegedekho.com/university/delhi-university,,,,,,
Delhi University Hostel,5,https://collegedunia.com/university/25473-delhi-university-du-new-delhi/hostel,19,https://www.shiksha.com/humanities-social-sciences/articles/du-admissions-check-list-of-hostels-seats-available-blogId-17595,33,https://www.careers360.com/university/university-of-delhi-delhi/facilities,8,https://www.collegedekho.com/articles/top-10-hostels-in-delhi-university/,,,,,,
Delhi University Placement,1,https://collegedunia.com/university/25473-delhi-university-du-new-delhi/placement,5,https://www.shiksha.com/university/delhi-university-du-24642/placement,8,https://www.careers360.com/university/university-of-delhi-delhi/placement,35,https://www.collegedekho.com/articles/why-delhi-university-8-advantages-of-studying-in-du/,,,,,,
Delhi University Cut Off,12,https://collegedunia.com/university/25473-delhi-university-du-new-delhi/cutoff,16,https://www.shiksha.com/university/delhi-university-du-24642/cutoff,2,https://university.careers360.com/articles/du-cutoff,9,https://www.collegedekho.com/news/delhi-university-releases-first-cut-off-for-ug-courses-2017-10344/,20,https://cutoffs.aglasem.com/122956,22,https://www.embibe.com/exams/du-admission-cutoff/,,
