Keyword,Rank,Website,Date,URL
Delhi University Admission,1,TOP SITE,01-11-2021,http://www.du.ac.in/uploads/adm2021/index.html
Delhi University Admission,10,careers360.com,01-11-2021,https://university.careers360.com/articles/du-admission
Delhi University Admission,16,shiksha.com,01-11-2021,https://www.shiksha.com/university/delhi-university-du-24642
Delhi University Admission,17,shiksha.com,01-11-2021,https://www.shiksha.com/university/delhi-university-du-24642
Delhi University Admission,18,shiksha.com,01-11-2021,https://www.shiksha.com/university/delhi-university-du-24642/admission
Delhi University Admission,24,collegedunia.com,01-11-2021,https://collegedunia.com/university/25473-delhi-university-du-new-delhi
Delhi University Admission,25,collegedunia.com,01-11-2021,https://collegedunia.com/university/25473-delhi-university-du-new-delhi
Delhi University Admission,26,collegedunia.com,01-11-2021,https://collegedunia.com/university/25473-delhi-university-du-new-delhi/admission
Delhi University Admission,28,embibe.com,01-11-2021,https://www.embibe.com/exams/du-admission/
Delhi University Admission,30,collegedekho.com,01-11-2021,https://www.collegedekho.com/articles/complete-guide-to-delhi-university-ba-bcom-bsc-admission/
Delhi University Admission,49,aglasem.com,01-11-2021,https://admission.aglasem.com/delhi-university-admission/
Delhi University Courses,1,TOP SITE,01-11-2021,http://www.du.ac.in/index.php?page=other-courses
Delhi University Courses,6,collegedunia.com,01-11-2021,https://collegedunia.com/university/25473-delhi-university-du-new-delhi
Delhi University Courses,7,careers360.com,01-11-2021,https://university.careers360.com/articles/du-courses
Delhi University Courses,8,shiksha.com,01-11-2021,https://www.shiksha.com/university/delhi-university-du-24642/courses
Delhi University Courses,9,shiksha.com,01-11-2021,https://www.shiksha.com/university/delhi-university-du-24642/courses
Delhi University Courses,10,shiksha.com,01-11-2021,https://www.shiksha.com/university/delhi-university-du-24642
Delhi University Courses,16,collegedekho.com,01-11-2021,https://www.collegedekho.com/university/delhi-university
Delhi University Courses,29,embibe.com,01-11-2021,https://www.embibe.com/exams/du-courses/
Delhi University Courses,44,leverageedu.com,01-11-2021,https://leverageedu.com/blog/delhi-university-courses-after-12th/
Delhi University Fees,1,TOP SITE,01-11-2021,https://university.careers360.com/articles/du-fees
Delhi University Fees,1,careers360.com,01-11-2021,https://university.careers360.com/articles/du-fees
Delhi University Fees,6,collegedunia.com,01-11-2021,https://collegedunia.com/university/25473-delhi-university-du-new-delhi/courses-fees
Delhi University Fees,7,collegedunia.com,01-11-2021,https://collegedunia.com/university/25473-delhi-university-du-new-delhi/courses-fees
Delhi University Fees,8,collegedunia.com,01-11-2021,https://collegedunia.com/university/25473-delhi-university-du-new-delhi
Delhi University Fees,10,shiksha.com,01-11-2021,https://www.shiksha.com/university/delhi-university-du-24642/courses
Delhi University Fees,32,collegedekho.com,01-11-2021,https://www.collegedekho.com/university/delhi-university
Delhi University Hostel,1,TOP SITE,01-11-2021,http://www.du.ac.in/index.php?page=Hostels-at-University-of-Delhi
Delhi University Hostel,7,collegedunia.com,01-11-2021,https://collegedunia.com/university/25473-delhi-university-du-new-delhi/hostel
Delhi University Hostel,10,collegedekho.com,01-11-2021,https://www.collegedekho.com/articles/top-10-hostels-in-delhi-university/
Delhi University Hostel,21,shiksha.com,01-11-2021,https://www.shiksha.com/humanities-social-sciences/articles/du-admissions-check-list-of-hostels-seats-available-blogId-17595
Delhi University Hostel,34,careers360.com,01-11-2021,https://www.careers360.com/university/university-of-delhi-delhi/facilities
Delhi University Placement,1,TOP SITE,01-11-2021,"https://collegedunia.com/university/25473-delhi-university-du-new-delhi/placement#:~:text=During%20the%202020%20placement%20drive%2C%20166%20offers%20were%20provided%20and,Wipro%2C%20Pwc%20and%20many%20more."
Delhi University Placement,1,collegedunia.com,01-11-2021,"https://collegedunia.com/university/25473-delhi-university-du-new-delhi/placement#:~:text=During%20the%202020%20placement%20drive%2C%20166%20offers%20were%20provided%20and,Wipro%2C%20Pwc%20and%20many%20more."
Delhi University Placement,2,collegedunia.com,01-11-2021,"https://collegedunia.com/university/25473-delhi-university-du-new-delhi/placement#:~:text=During%20the%202020%20placement%20drive%2C%20166%20offers%20were%20provided%20and,Wipro%2C%20Pwc%20and%20many%20more."
Delhi University Placement,6,shiksha.com,01-11-2021,https://www.shiksha.com/university/delhi-university-du-24642/placement
Delhi University Placement,9,careers360.com,01-11-2021,https://www.careers360.com/university/university-of-delhi-delhi/placement
Delhi University Placement,43,collegedekho.com,01-11-2021,https://www.collegedekho.com/articles/why-delhi-university-8-advantages-of-studying-in-du/
Delhi University Cut Off,1,TOP SITE,01-11-2021,http://www.du.ac.in/
Delhi University Cut Off,2,careers360.com,01-11-2021,https://university.careers360.com/articles/du-cutoff
Delhi University Cut Off,3,careers360.com,01-11-2021,https://university.careers360.com/articles/du-cutoff
Delhi University Cut Off,4,careers360.com,01-11-2021,https://news.careers360.com/du-fourth-cut-off-2021-live-updates-4th-cutoff-released-list-of-jmc-hansraj-srcc-colleges-wise-seats
Delhi University Cut Off,16,collegedekho.com,01-11-2021,https://www.collegedekho.com/news/delhi-university-releases-first-cut-off-for-ug-courses-2017-10344/
Delhi University Cut Off,17,shiksha.com,01-11-2021,https://www.shiksha.com/university/delhi-university-du-24642/cutoff
Delhi University Cut Off,18,aglasem.com,01-11-2021,https://cutoffs.aglasem.com/122956
Delhi University Cut Off,19,collegedunia.com,01-11-2021,https://collegedunia.com/university/25473-delhi-university-du-new-delhi/cutoff
Delhi University Cut Off,24,embibe.com,01-11-2021,https://www.embibe.com/exams/du-admission-cutoff/
