,Keyword,Tag,Search Volume,Category,Exam Tag,new_tag
0,Delhi University Admission,DU_Colleges,6600,Admission,,part_1
1,Delhi University Courses,DU_Colleges,4400,Course,,part_1
2,Delhi University Fees,DU_Colleges,2900,Fees,,part_1
3,Delhi University Hostel,DU_Colleges,1000,Hostel,,part_1
4,Delhi University Placement,DU_Colleges,390,Placement,,part_1
5,Delhi University Cut Off,DU_Colleges,5400,Cut_Off,,part_1
6,sol du Admission,DU_Colleges,4400,Admission,,part_1
7,sol du Courses,DU_Colleges,260,Course,,part_1
8,miranda house Courses,DU_Colleges,480,Course,,part_1
9,miranda house Fees,DU_Colleges,390,Fees,,part_1
10,miranda house Hostel,DU_Colleges,720,Hostel,,part_1
11,miranda house Cut Off,DU_Colleges,1300,Cut_Off,,part_1
12,srcc Admission,DU_Colleges,170,Admission,,part_1
13,srcc Courses,DU_Colleges,590,Course,,part_1
14,srcc Fees,DU_Colleges,480,Fees,,part_1
15,srcc Hostel,DU_Colleges,210,Hostel,,part_1
16,srcc Placement,DU_Colleges,880,Placement,,part_1
17,srcc Cut Off,DU_Colleges,2900,Cut_Off,,part_1
18,jmc Admission,DU_Colleges,170,Admission,,part_1
19,jmc Cut Off,DU_Colleges,210,Cut_Off,,part_1
20,Delhi University Scholarship,DU_Colleges,260,Scholarship,,part_1
21,sol du Fees,DU_Colleges,170,Fees,,part_1
22,miranda house Placement,DU_Colleges,260,Placement,,part_1
23,jmc Courses,DU_Colleges,170,Course,,part_1
24,svc Fees,DU_Colleges,210,Fees,,part_1
25,keshav mahavidyalaya Placement,DU_Colleges,170,Placement,,part_1
26,keshav mahavidyalaya Cut Off,DU_Colleges,110,Cut_Off,,part_1
27,lsr Courses,DU_Colleges,210,Course,,part_1
28,lsr Fees,DU_Colleges,170,Fees,,part_1
29,lsr Hostel,DU_Colleges,260,Hostel,,part_1
30,lsr Placement,DU_Colleges,170,Placement,,part_1
31,lsr Cut Off,DU_Colleges,590,Cut_Off,,part_1
32,dipsar Admission,DU_Colleges,480,Admission,,part_1
33,maulana azad institute of dental sciences Cut Off,DU_Colleges,140,Cut_Off,,part_1
34,FMS Admission,DU_Colleges,480,Admission,,part_1
35,FMS Courses,DU_Colleges,320,Course,,part_1
36,FMS Fees,DU_Colleges,1000,Fees,,part_1
37,FMS Hostel,DU_Colleges,110,Hostel,,part_1
38,FMS Placement,DU_Colleges,1300,Placement,,part_1
39,FMS Scholarship,DU_Colleges,260,Scholarship,,part_1
40,FMS Cut Off,DU_Colleges,1300,Cut_Off,,part_1
4124,iim rohtak placement,IIM_Keywords,2900,Placement,,part_1
4125,iim calcutta fees,IIM_Keywords,2400,Fees,,part_1
4126,iim lucknow fees,IIM_Keywords,2400,Fees,,part_1
4127,iim rohtak ipm,IIM_Keywords,1900,Course,,part_1
4128,iim kozhikode fees,IIM_Keywords,1900,Fees,,part_1
4129,iim kozhikode placement,IIM_Keywords,2400,Placement,,part_1
4130,iim lucknow placement,IIM_Keywords,2400,Placement,,part_1
4131,iim rohtak fees,IIM_Keywords,1600,Fees,,part_1
4132,iim udaipur placement,IIM_Keywords,2400,Placement,,part_1
4133,iim calcutta placement,IIM_Keywords,2400,Placement,,part_1
4134,iim kashipur placement,IIM_Keywords,1900,Placement,,part_1
4135,iim kozhikode Cutoff,IIM_Keywords,1300,Cut_Off,,part_1
4136,iim rohtak ranking,IIM_Keywords,880,Ranking,,part_1
4137,iim calcutta executive mba,IIM_Keywords,1300,Course,,part_1
4138,iim lucknow Cutoff,IIM_Keywords,1000,Cut_Off,,part_1
4139,iim kashipur mba analytics,IIM_Keywords,1000,Course,,part_1
4140,iim kozhikode executive mba,IIM_Keywords,1600,Course,,part_1
4141,iim kozhikode ranking,IIM_Keywords,880,Ranking,,part_1
4142,iim lucknow executive mba,IIM_Keywords,1000,Course,,part_1
4143,iim rohtak Cutoff,IIM_Keywords,1000,Cut_Off,,part_1
4144,iim udaipur fees,IIM_Keywords,1000,Fees,,part_1
4145,iim calcutta admission criteria,IIM_Keywords,880,Admission,,part_1
4146,iim kashipur fees,IIM_Keywords,880,Fees,,part_1
4147,iim calcutta Cutoff,IIM_Keywords,590,Cut_Off,,part_1
4148,iim kashipur Cutoff,IIM_Keywords,590,Cut_Off,,part_1
4149,iim lucknow pgp sm,IIM_Keywords,590,Course,,part_1
4150,iim udaipur Cutoff,IIM_Keywords,880,Cut_Off,,part_1
4151,pgdba iim calcutta,IIM_Keywords,1000,Course,,part_1
4152,iim lucknow pgp abm,IIM_Keywords,590,Course,,part_1
4153,iim lucknow ranking,IIM_Keywords,390,Ranking,,part_1
4154,iim udaipur ranking,IIM_Keywords,390,Ranking,,part_1
4155,iim kashipur ranking,IIM_Keywords,390,Ranking,,part_1
4156,iim rohtak admission,IIM_Keywords,320,Admission,,part_1
4157,iim udaipur admission criteria,IIM_Keywords,320,Admission,,part_1
4158,iim kashipur admission criteria,IIM_Keywords,210,Admission,,part_1
4159,iim calcutta mba,IIM_Keywords,210,Course,,part_1
4160,iim kozhikode mba,IIM_Keywords,210,Course,,part_1
4161,iim kozhikode admission,IIM_Keywords,210,Admission,,part_1
4162,iim rohtak executive mba,IIM_Keywords,170,Course,,part_1
4163,iim calcutta ranking,IIM_Keywords,140,Ranking,,part_1
4164,iim lucknow admission,IIM_Keywords,140,Admission,,part_1
4165,iim lucknow mba,IIM_Keywords,140,Course,,part_1
4166,iim kashipur executive mba,IIM_Keywords,170,Course,,part_1
4167,iim ahmedabad phd,IIM_Keywords,880,Course,,part_1
4168,iim amritsar admission criteria,IIM_Keywords,170,Admission,,part_1
4169,iim amritsar Cutoff,IIM_Keywords,590,Cut_Off,,part_1
4170,iim amritsar fees,IIM_Keywords,590,Fees,,part_1
4171,iim amritsar placement,IIM_Keywords,1000,Placement,,part_1
4172,IIM Bangalore PGPEM,IIM_Keywords,1000,Course,,part_1
4173,IIM Bangalore PGPPM,IIM_Keywords,390,Course,,part_1
4174,iim bangalore phd,IIM_Keywords,720,Course,,part_1
4175,iim bodh gaya admission criteria,IIM_Keywords,110,Admission,,part_1
4176,iim bodh gaya Cutoff,IIM_Keywords,390,Cut_Off,,part_1
4177,iim bodh gaya fees,IIM_Keywords,720,Fees,,part_1
4178,iim bodh gaya placement,IIM_Keywords,1000,Placement,,part_1
4179,iim calcutta phd,IIM_Keywords,260,Course,,part_1
4180,iim indore fpm,IIM_Keywords,1000,Course,,part_1
4181,iim jammu admission criteria,IIM_Keywords,140,Admission,,part_1
4182,iim jammu Cutoff,IIM_Keywords,590,Cut_Off,,part_1
4183,iim jammu fees,IIM_Keywords,880,Fees,,part_1
4184,iim jammu phd,IIM_Keywords,140,Course,,part_1
4185,iim jammu placement,IIM_Keywords,1900,Placement,,part_1
4186,iim kashipur phd,IIM_Keywords,140,Course,,part_1
4187,iim kozhikode phd,IIM_Keywords,260,Course,,part_1
4188,iim lucknow fpm,IIM_Keywords,210,Course,,part_1
4189,IIM Lucknow noida campus,IIM_Keywords,1600,Course,,part_1
4190,iim nagpur admission criteria,IIM_Keywords,210,Admission,,part_1
4191,iim nagpur Cutoff,IIM_Keywords,880,Cut_Off,,part_1
4192,iim nagpur fees,IIM_Keywords,1000,Fees,,part_1
4193,iim nagpur placement,IIM_Keywords,1600,Placement,,part_1
4194,iim nagpur ranking,IIM_Keywords,390,Ranking,,part_1
4195,iim raipur admission criteria,IIM_Keywords,260,Admission,,part_1
4196,iim raipur Cutoff,IIM_Keywords,390,Cut_Off,,part_1
4197,iim raipur executive mba,IIM_Keywords,320,Course,,part_1
4198,iim raipur fees,IIM_Keywords,880,Fees,,part_1
4199,iim raipur phd,IIM_Keywords,110,Course,,part_1
4200,iim raipur placement,IIM_Keywords,1600,Placement,,part_1
4201,iim raipur ranking,IIM_Keywords,480,Ranking,,part_1
4202,IIM Ranchi admission criteria,IIM_Keywords,390,Admission,,part_1
4203,IIM Ranchi Cutoff,IIM_Keywords,880,Cut_Off,,part_1
4204,IIM Ranchi Executive MBA,IIM_Keywords,210,Course,,part_1
4205,IIM Ranchi Placements,IIM_Keywords,2400,Placement,,part_1
4206,iim sambalpur admission criteria,IIM_Keywords,170,Admission,,part_1
4207,iim sambalpur Cutoff,IIM_Keywords,390,Cut_Off,,part_1
4208,iim sambalpur executive mba,IIM_Keywords,170,Course,,part_1
4209,iim sambalpur fees,IIM_Keywords,590,Fees,,part_1
4210,iim sambalpur phd,IIM_Keywords,110,Course,,part_1
4211,iim sambalpur placement,IIM_Keywords,880,Placement,,part_1
4212,iim shillong admission criteria,IIM_Keywords,320,Admission,,part_1
4213,iim shillong Cutoff,IIM_Keywords,1300,Cut_Off,,part_1
4214,iim shillong executive mba,IIM_Keywords,260,Course,,part_1
4215,iim shillong fees,IIM_Keywords,1000,Fees,,part_1
4216,iim shillong phd,IIM_Keywords,140,Course,,part_1
4217,iim shillong placement,IIM_Keywords,2400,Placement,,part_1
4218,iim shillong ranking,IIM_Keywords,390,Ranking,,part_1
4219,iim sirmaur fees,IIM_Keywords,480,Fees,,part_1
4220,iim sirmaur placement,IIM_Keywords,1000,Placement,,part_1
4221,iim trichy admission criteria,IIM_Keywords,260,Admission,,part_1
4222,iim trichy Cutoff,IIM_Keywords,590,Cut_Off,,part_1
4223,iim trichy executive mba,IIM_Keywords,210,Course,,part_1
4224,iim trichy fees,IIM_Keywords,880,Fees,,part_1
4225,iim trichy placement,IIM_Keywords,1900,Placement,,part_1
4226,iim trichy ranking,IIM_Keywords,260,Ranking,,part_1
4227,iim udaipur executive mba,IIM_Keywords,110,Course,,part_1
4228,iim udaipur phd,IIM_Keywords,110,Course,,part_1
4229,iim visakhapatnam Cutoff,IIM_Keywords,480,Cut_Off,,part_1
4230,iim visakhapatnam fees,IIM_Keywords,480,Fees,,part_1
4231,iim visakhapatnam placement,IIM_Keywords,880,Placement,,part_1
4854,Top MTech Colleges in Bangalore,Listing,260,Listing_Page,,part_1
4855,Top BTech Colleges in Mumbai,Listing,170,Listing_Page,,part_1
4856,Top Medical Colleges In Himachal Pradesh,Listing,110,Listing_Page,,part_1
4857,Top BTech Colleges In Gujarat,Listing,110,Listing_Page,,part_1
4858,Top BTech Colleges In Karnataka,Listing,110,Listing_Page,,part_1
4859,Top MBA Colleges in India,Listing,27100,Listing_Page,,part_1
4860,Top Engineering Colleges in India,Listing,18100,Listing_Page,,part_1
4861,Top Medical Colleges in India,Listing,18100,Listing_Page,,part_1
4862,Top Engineering Colleges in Bangalore,Listing,12100,Listing_Page,,part_1
4863,Top MBA Colleges in Bangalore,Listing,6600,Listing_Page,,part_1
4864,Top Engineering Colleges in Pune,Listing,6600,Listing_Page,,part_1
4865,Top Engineering Colleges in Hyderabad,Listing,9900,Listing_Page,,part_1
4866,Top BBA Colleges in India,Listing,8100,Listing_Page,,part_1
4867,Top Law Colleges in India,Listing,8100,Listing_Page,,part_1
4868,Top Engineering Colleges in Karnataka,Listing,6600,Listing_Page,,part_1
4869,Top MBA Colleges in Mumbai,Listing,4400,Listing_Page,,part_1
4870,Top MBA Colleges in Pune,Listing,3600,Listing_Page,,part_1
4871,Top MBA Colleges in Hyderabad,Listing,3600,Listing_Page,,part_1
4872,Top Engineering Colleges in Mumbai,Listing,3600,Listing_Page,,part_1
4873,Top Engineering Colleges in Chennai,Listing,5400,Listing_Page,,part_1
4874,Top Hotel Management Colleges in India,Listing,2400,Listing_Page,,part_1
4875,Top Mba Colleges In Delhi,Listing,2400,Listing_Page,,part_1
4876,Top MCA Colleges in India,Listing,2900,Listing_Page,,part_1
4877,Top Management Colleges in India,Listing,1900,Listing_Page,,part_1
4878,Top Engineering Colleges in Telangana,Listing,2900,Listing_Page,,part_1
4879,Top Medical Colleges in Karnataka,Listing,2400,Listing_Page,,part_1
4880,Top Engineering Colleges in Kerala,Listing,1900,Listing_Page,,part_1
4881,Top MBA Colleges in Maharashtra,Listing,1900,Listing_Page,,part_1
4882,Top BBA Colleges in Bangalore,Listing,1600,Listing_Page,,part_1
4883,Top MBA Colleges in Kolkata,Listing,1300,Listing_Page,,part_1
4884,Top BBA Colleges in Hyderabad,Listing,1600,Listing_Page,,part_1
4885,Top Medical Colleges in Bangalore,Listing,1300,Listing_Page,,part_1
4886,Top MBA Colleges in Chennai,Listing,1300,Listing_Page,,part_1
4887,Top MBBS Colleges in India,Listing,1900,Listing_Page,,part_1
4888,Top BBA Colleges In Kolkata,Listing,1000,Listing_Page,,part_1
4889,Top Engineering Colleges In Bihar,Listing,590,Listing_Page,,part_1
4890,Top BBA Colleges In Indore,Listing,480,Listing_Page,,part_1
4891,Top Mba Colleges In Bhopal,Listing,390,Listing_Page,,part_1
4892,Top BTech Colleges In Jaipur,Listing,210,Listing_Page,,part_1
4893,Top Engineering Colleges in West Bengal,Listing,1300,Listing_Page,,part_1
4894,Top Engineering Colleges in Odisha,Listing,1000,Listing_Page,,part_1
4895,Top MBA Colleges in Kerala,Listing,1000,Listing_Page,,part_1
4896,Top BBA Colleges in Pune,Listing,1000,Listing_Page,,part_1
4897,Top Engineering Colleges in Gujarat,Listing,1300,Listing_Page,,part_1
4898,Top Engineering Colleges in Indore,Listing,1000,Listing_Page,,part_1
4899,Top Engineering Colleges in Nagpur,Listing,880,Listing_Page,,part_1
4900,Top Engineering Colleges in Rajasthan,Listing,880,Listing_Page,,part_1
4901,Top Engineering Colleges in Kolkata,Listing,880,Listing_Page,,part_1
4902,Top MBA Colleges in Indore,Listing,1000,Listing_Page,,part_1
4903,Top Medical Colleges in Mumbai,Listing,1000,Listing_Page,,part_1
4904,Top Engineering Colleges in Bhopal,Listing,1000,Listing_Page,,part_1
4905,Top MTech Colleges in India,Listing,1000,Listing_Page,,part_1
4906,Top Law Colleges in Bangalore,Listing,1000,Listing_Page,,part_1
4907,Top MCA Colleges in Bangalore,Listing,1300,Listing_Page,,part_1
4908,Top Engineering Colleges in Andhra Pradesh,Listing,1600,Listing_Page,,part_1
4909,Top LLB Colleges in India,Listing,1300,Listing_Page,,part_1
4910,Top MBA Colleges in Karnataka,Listing,1000,Listing_Page,,part_1
4911,Top Mass Communication Colleges in India,Listing,880,Listing_Page,,part_1
4912,Top Engineering Colleges in Jaipur,Listing,720,Listing_Page,,part_1
4913,Top Engineering Colleges in Punjab,Listing,590,Listing_Page,,part_1
4914,Top BBA Colleges in Mumbai,Listing,880,Listing_Page,,part_1
4915,Top Law Colleges in Mumbai,Listing,880,Listing_Page,,part_1
4916,Top BTech Colleges in India,Listing,2400,Listing_Page,,part_1
4917,Top MBA Colleges in Ahmedabad,Listing,590,Listing_Page,,part_1
4918,Top Hotel Management Colleges in Hyderabad,Listing,590,Listing_Page,,part_1
4919,Top MBA Colleges in Jaipur,Listing,590,Listing_Page,,part_1
4920,Top MCA Colleges in Pune,Listing,880,Listing_Page,,part_1
4921,Top Medical Colleges in Kerala,Listing,590,Listing_Page,,part_1
4922,Top Engineering Colleges in Haryana,Listing,480,Listing_Page,,part_1
4923,Top BBA Colleges in Delhi Ncr,Listing,210,Listing_Page,,part_1
4924,Top Hotel Management Colleges in Mumbai,Listing,320,Listing_Page,,part_1
4925,Top Engineering Colleges in Delhi Ncr,Listing,390,Listing_Page,,part_1
4926,Top Law Colleges in Pune,Listing,590,Listing_Page,,part_1
4927,Top Medical Colleges in Chennai,Listing,480,Listing_Page,,part_1
4928,Top MBA Colleges in Delhi Ncr,Listing,320,Listing_Page,,part_1
4929,Top MBA Colleges in Lucknow,Listing,390,Listing_Page,,part_1
4930,Top MBA Colleges in Gujarat,Listing,590,Listing_Page,,part_1
4931,Top Law Colleges in Hyderabad,Listing,720,Listing_Page,,part_1
4932,Top MBA Colleges in Nagpur,Listing,480,Listing_Page,,part_1
4933,Top Medical Colleges in Telangana,Listing,720,Listing_Page,,part_1
4934,Top Medical Colleges in Rajasthan,Listing,590,Listing_Page,,part_1
4935,Top Engineering Colleges in Lucknow,Listing,390,Listing_Page,,part_1
4936,Top MBA Colleges in Odisha,Listing,390,Listing_Page,,part_1
4937,Top Medical Colleges in Bihar,Listing,390,Listing_Page,,part_1
4938,Top Medical Colleges in Pune,Listing,320,Listing_Page,,part_1
4939,Top Hotel Management Colleges in Kolkata,Listing,260,Listing_Page,,part_1
4940,Top MCA Colleges in Hyderabad,Listing,590,Listing_Page,,part_1
4941,Top Hotel Management Colleges in Pune,Listing,210,Listing_Page,,part_1
4942,Top MCA Colleges in Mumbai,Listing,480,Listing_Page,,part_1
4943,Top Engineering Colleges in Uttarakhand,Listing,390,Listing_Page,,part_1
4944,Top Engineering Colleges in Noida,Listing,390,Listing_Page,,part_1
4945,Top Medical Colleges in Gujarat,Listing,480,Listing_Page,,part_1
4946,Top Engineering Colleges in Nashik,Listing,390,Listing_Page,,part_1
4947,Top BBA Colleges in Ahmedabad,Listing,390,Listing_Page,,part_1
4948,Top Law Colleges in Kolkata,Listing,320,Listing_Page,,part_1
4949,Top BBA Colleges in Jaipur,Listing,320,Listing_Page,,part_1
4950,Top Medical Colleges in West Bengal,Listing,480,Listing_Page,,part_1
4951,Top Medical Colleges in Hyderabad,Listing,480,Listing_Page,,part_1
4952,Top MCA Colleges in Karnataka,Listing,390,Listing_Page,,part_1
4953,Top Medical Colleges in Kolkata,Listing,260,Listing_Page,,part_1
4954,Top Medical Colleges in Andhra Pradesh,Listing,320,Listing_Page,,part_1
4955,Top Engineering Colleges in Ahmedabad,Listing,320,Listing_Page,,part_1
4956,Top Engineering Colleges in Madhya Pradesh,Listing,320,Listing_Page,,part_1
4957,Top BTech Colleges in Hyderabad,Listing,1900,Listing_Page,,part_1
4958,Top Engineering Colleges in Jharkhand,Listing,320,Listing_Page,,part_1
4959,Top Engineering Colleges in Uttar Pradesh,Listing,260,Listing_Page,,part_1
4960,Top Hotel Management Colleges in Bangalore,Listing,170,Listing_Page,,part_1
4961,Top MBA Colleges in Andhra Pradesh,Listing,210,Listing_Page,,part_1
4962,Top MBA Colleges in Noida,Listing,210,Listing_Page,,part_1
4963,Top BBA Colleges in Lucknow,Listing,320,Listing_Page,,part_1
4964,Top Law Colleges in Chennai,Listing,320,Listing_Page,,part_1
4965,Top MBA Colleges in Rajasthan,Listing,260,Listing_Page,,part_1
4966,Top BTech Colleges in Rajasthan,Listing,210,Listing_Page,,part_1
4967,Top Engineering Colleges in Chhattisgarh,Listing,260,Listing_Page,,part_1
4968,Top MBA Colleges in Telangana,Listing,260,Listing_Page,,part_1
4969,Top Medical Colleges in Punjab,Listing,210,Listing_Page,,part_1
4970,Top MBA Colleges in Punjab,Listing,170,Listing_Page,,part_1
4971,Top BBA Colleges in Gujarat,Listing,260,Listing_Page,,part_1
4972,Top MBA Colleges in Gurgaon,Listing,140,Listing_Page,,part_1
4973,Top BBA Colleges in Nagpur,Listing,140,Listing_Page,,part_1
4974,Top BBA Colleges in Chennai,Listing,260,Listing_Page,,part_1
4975,Top Engineering Colleges in Visakhapatnam,Listing,210,Listing_Page,,part_1
4976,Top MTech Colleges in Hyderabad,Listing,140,Listing_Page,,part_1
4977,Top MTech Colleges in Karnataka,Listing,170,Listing_Page,,part_1
4978,Top MBA Colleges in Patna,Listing,140,Listing_Page,,part_1
4979,Top BBA Colleges in Kerala,Listing,170,Listing_Page,,part_1
4980,Top MCA Colleges in Chennai,Listing,260,Listing_Page,,part_1
4981,Top Law Colleges in Karnataka,Listing,260,Listing_Page,,part_1
4982,Top Engineering Colleges in Kanpur,Listing,170,Listing_Page,,part_1
4983,Top BTech Colleges in Lucknow,Listing,210,Listing_Page,,part_1
4984,Top BTech Colleges in Bangalore,Listing,590,Listing_Page,,part_1
4985,Top BTech Colleges in Haryana,Listing,140,Listing_Page,,part_1
4986,Top Engineering Colleges in Tamil Nadu,Listing,140,Listing_Page,,part_1
4987,Top MBA Colleges in West Bengal,Listing,260,Listing_Page,,part_1
4988,Top Law Colleges in Lucknow,Listing,260,Listing_Page,,part_1
4989,Top MCA Colleges in Kolkata,Listing,170,Listing_Page,,part_1
4990,Top BBA Colleges in Patna,Listing,140,Listing_Page,,part_1
4991,Top Law Colleges in Kerala,Listing,140,Listing_Page,,part_1
4992,Top Engineering Colleges in Assam,Listing,140,Listing_Page,,part_1
4993,Top MCA Colleges in Kerala,Listing,110,Listing_Page,,part_1
4994,Top Law Colleges in Jaipur,Listing,140,Listing_Page,,part_1
4995,Top Medical Colleges in Uttar Pradesh,Listing,140,Listing_Page,,part_1
4996,Top Medical Colleges in Lucknow,Listing,140,Listing_Page,,part_1
4997,Top BBA Colleges in Karnataka,Listing,140,Listing_Page,,part_1
4998,Top MCA Colleges in Indore,Listing,140,Listing_Page,,part_1
4999,Top Law Colleges in Indore,Listing,140,Listing_Page,,part_1
5000,Top BBA Colleges in Noida,Listing,140,Listing_Page,,part_1
5001,Top Law Colleges in West Bengal,Listing,170,Listing_Page,,part_1
5002,Top MCA Colleges in Odisha,Listing,170,Listing_Page,,part_1
5003,Top BTech Colleges in Indore,Listing,140,Listing_Page,,part_1
5004,Top BTech Colleges in Kolkata,Listing,210,Listing_Page,,part_1
5005,Top MBA Colleges in Nashik,Listing,110,Listing_Page,,part_1
5006,Top Medical Colleges in Haryana,Listing,210,Listing_Page,,part_1
5007,Top Medical Colleges in Assam,Listing,140,Listing_Page,,part_1
5008,Top Law Colleges in Punjab,Listing,110,Listing_Page,,part_1
5009,Top Law Colleges in Rajasthan,Listing,110,Listing_Page,,part_1
5010,Top Law Colleges in Gujarat,Listing,110,Listing_Page,,part_1
5011,Top Law Colleges in Telangana,Listing,170,Listing_Page,,part_1
5012,Top BBA Colleges in Rajasthan,Listing,110,Listing_Page,,part_1
5013,Top MBA Colleges in Uttarakhand,Listing,110,Listing_Page,,part_1
5014,Top BBA Colleges in West Bengal,Listing,110,Listing_Page,,part_1
5015,Top Medical Colleges in Odisha,Listing,210,Listing_Page,,part_1
5016,Top BTech Colleges in Telangana,Listing,320,Listing_Page,,part_1
5017,Top BTech Colleges in Chennai,Listing,140,Listing_Page,,part_1
5018,Top BTech Colleges in Noida,Listing,140,Listing_Page,,part_1
5019,Top B. Tech Colleges In Andhra Pradesh,Listing,110,Listing_Page,,part_1
5020,Top Engineering Colleges In Himachal Pradesh,Listing,140,Listing_Page,,part_1
5021,Top B. Tech Colleges In Pune,Listing,260,Listing_Page,,part_1
5022,Top BBA Colleges In Bhopal,Listing,110,Listing_Page,,part_1
5023,Top Engineering Colleges In Gurgaon,Listing,110,Listing_Page,,part_1
5024,Top BTech Colleges In Pune,Listing,260,Listing_Page,,part_1
5025,Top BTech Colleges In Andhra Pradesh,Listing,110,Listing_Page,,part_1
5391,Allahabad Bank Education Loan,Education_Loan,390,Loan,,part_1
5392,SBI Education loan for abroad,Education_Loan,1900,Loan,,part_1
5393,SBI Bank Education Loan,Education_Loan,880,Loan,,part_1
5394,Axis Bank Education Loan,Education_Loan,3600,Loan,,part_1
5395,Bank of Baroda Education Loan for Abroad,Education_Loan,720,Loan,,part_1
5396,Bank of Baroda Education Loan,Education_Loan,5400,Loan,,part_1
5397,Bank of India Education Loan,Education_Loan,1300,Loan,,part_1
5398,Bank of Maharashtra Education Loan,Education_Loan,720,Loan,,part_1
5399,Canara Bank Education Loan for Abroad,Education_Loan,260,Loan,,part_1
5400,Canara Bank Education Loan,Education_Loan,4400,Loan,,part_1
5401,Central Bank Education Loan,Education_Loan,320,Loan,,part_1
5402,Corporation Bank Education Loan,Education_Loan,260,Loan,,part_1
5403,HDFC Bank Education Loan,Education_Loan,1900,Loan,,part_1
5404,ICICI Bank Education Loan,Education_Loan,2400,Loan,,part_1
5405,IDBI Bank Education Loan,Education_Loan,590,Loan,,part_1
5406,Indian Bank Education Loan,Education_Loan,1900,Loan,,part_1
5407,IOB Education Loan,Education_Loan,590,Loan,,part_1
5408,Karnataka Bank Education Loan,Education_Loan,390,Loan,,part_1
5409,Kotak Mahindra Bank Education Loan,Education_Loan,590,Loan,,part_1
5410,Oriental Bank of Commerce Education Loan,Education_Loan,140,Loan,,part_1
5411,Punjab National Bank Education Loan,Education_Loan,1000,Loan,,part_1
5412,Saraswat Bank Education Loan,Education_Loan,390,Loan,,part_1
5413,Syndicate Bank Education Loan,Education_Loan,390,Loan,,part_1
5414,UCO Bank Education Loan,Education_Loan,720,Loan,,part_1
5415,Union Bank of India Education Loan,Education_Loan,1300,Loan,,part_1
5416,Vijaya Bank Education Loan,Education_Loan,210,Loan,,part_1
5417,Andhra Bank Education Loan,Education_Loan,390,Loan,,part_1
5418,Punjab and Sind Bank Education Loan,Education_Loan,110,Loan,,part_1
5419,Federal Bank Education Loan,Education_Loan,720,Loan,,part_1
5420,South Indian Bank Education Loan,Education_Loan,210,Loan,,part_1
5421,InCred education loan,Education_Loan,880,Loan,,part_1
5422,Auxilo education loan,Education_Loan,590,Loan,,part_1
5423,Avanse education loan,Education_Loan,2900,Loan,,part_1
5424,Bajaj Finserv education loan,Education_Loan,320,Loan,,part_1
5425,tata capital education loan,Education_Loan,390,Loan,,part_1
5426,How to Become an Aeronautical Engineer,Career_Articles,720,Career,,part_1
5427,How to become a pilot,Career_Articles,33100,Career,,part_1
5428,Career as a counselor,Career_Articles,33100,Counselling,,part_1
5429,How to become an actor,Career_Articles,8100,Career,,part_1
5430,How to become a scientist,Career_Articles,6600,Career,,part_1
5431,how to become an Air hostess,Career_Articles,5400,Career,,part_1
5432,How to become an astronaut,Career_Articles,4400,Career,,part_1
5433,how to become a psychologist,Career_Articles,5400,Career,,part_1
5434,Career as a Banker,Career_Articles,4400,Career,,part_1
5435,How to become a lawyer,Career_Articles,4400,Career,,part_1
5436,How to become a judge,Career_Articles,3600,Career,,part_1
5437,How to Become an Investment Banker,Career_Articles,5400,Career,,part_1
5438,how to become a bank manager,Career_Articles,4400,Career,,part_1
5439,How to become a fashion designer,Career_Articles,3600,Career,,part_1
5440,How to Become a Police Officer,Career_Articles,2400,Career,,part_1
5441,How to become a professor,Career_Articles,2900,Career,,part_1
5442,How to join merchant navy,Career_Articles,3600,Career,,part_1
5443,How To Become A Teacher,Career_Articles,3600,Career,,part_1
5444,How to become a data analyst,Career_Articles,2400,Career,,part_1
5445,How to become a software developer,Career_Articles,2900,Career,,part_1
5446,How to become a journalist,Career_Articles,1600,Career,,part_1
5447,How to become a Chef,Career_Articles,2400,Career,,part_1
5448,How to become an archaeologist,Career_Articles,1900,Career,,part_1
5449,How to become a graphic designer,Career_Articles,1900,Career,,part_1
5450,How to become a content writer,Career_Articles,1600,Career,,part_1
5451,Career as a Pharmacist,Career_Articles,1600,Career,,part_1
5452,How to become a nutritionist,Career_Articles,1900,Career,,part_1
5453,How to become a web developer,Career_Articles,1900,Career,,part_1
5454,Career as a photographer,Career_Articles,1300,Career,,part_1
5455,Career as a Microbiologist,Career_Articles,1900,Career,,part_1
5456,how to become a lecturer,Career_Articles,1300,Career,,part_1
5457,Career as an engineer,Career_Articles,1300,Career,,part_1
5458,how to become a game developer,Career_Articles,1300,Career,,part_1
5459,How to become a loco pilot,Career_Articles,1300,Career,,part_1
5460,How to become a stockbroker,Career_Articles,1000,Career,,part_1
5461,How to become an insurance agent,Career_Articles,880,Career,,part_1
5462,how to become a radiologist,Career_Articles,1300,Career,,part_1
5463,Career as a Zoologist,Career_Articles,880,Career,,part_1
5464,How to become a Dentist,Career_Articles,1000,Career,,part_1
5465,How to Become a Dermatologist,Career_Articles,1600,Career,,part_1
5466,how to become a medical representative,Career_Articles,260,Career,,part_1
5467,how to become air traffic controller in india,Career_Articles,880,Career,,part_1
5468,How to become a physicist,Career_Articles,880,Career,,part_1
5469,How to become HR manager,Career_Articles,880,Career,,part_1
5470,how to become an economist,Career_Articles,720,Career,,part_1
5471,How to become a mathematician,Career_Articles,590,Career,,part_1
5472,How to Become a Project Manager,Career_Articles,880,Career,,part_1
5473,How to become a ayurvedic doctor,Career_Articles,720,Career,,part_1
5474,How to become a civil engineer,Career_Articles,720,Career,,part_1
5475,How to become an Auditor,Career_Articles,720,Career,,part_1
5476,how to become a financial manager,Career_Articles,720,Career,,part_1
5477,How to become an Event Manager,Career_Articles,720,Career,,part_1
5478,How to become a nurse,Career_Articles,880,Career,,part_1
5479,Career as a geologist,Career_Articles,390,Career,,part_1
5480,How to Become a Computer Engineer,Career_Articles,590,Career,,part_1
5481,How to become a marketing manager,Career_Articles,880,Career,,part_1
5482,How to become an actuary,Career_Articles,480,Career,,part_1
5483,How to become a pathologist,Career_Articles,590,Career,,part_1
5484,How to become Notary Public,Career_Articles,170,Career,,part_1
5485,Career as a Botanist,Career_Articles,480,Career,,part_1
5486,how to become a medical officer,Career_Articles,720,Career,,part_1
5487,Career as a software engineer,Career_Articles,390,Career,,part_1
5488,How to become a petroleum engineer,Career_Articles,480,Career,,part_1
5489,How to become a Hotel Manager,Career_Articles,480,Career,,part_1
5490,how to become a yoga teacher,Career_Articles,320,Career,,part_1
5491,how to become a java developer,Career_Articles,480,Career,,part_1
5492,how to become a game designer,Career_Articles,390,Career,,part_1
5493,How to Become a Social Worker,Career_Articles,320,Career,,part_1
5494,How to become an Automobile Engineer,Career_Articles,390,Career,,part_1
5495,How to become a copywriter,Career_Articles,320,Career,,part_1
5496,How to become a chemical engineer,Career_Articles,320,Career,,part_1
5497,How to Become a Chemist,Career_Articles,390,Career,,part_1
5498,How to become a Management Consultant,Career_Articles,480,Career,,part_1
5499,How to become a cartoonist,Career_Articles,210,Career,,part_1
5500,How to become a librarian,Career_Articles,320,Career,,part_1
5501,how to become a game tester,Career_Articles,320,Practice_Papers,,part_1
5502,how to become airport manager,Career_Articles,390,Career,,part_1
5503,How to become a Biomedical Engineer,Career_Articles,390,Career,,part_1
5504,How to become a CA,Career_Articles,8100,Career,,part_1
5505,How to become a human resource manager,Career_Articles,390,Career,,part_1
5506,How to become a beautician,Career_Articles,320,Career,,part_1
5507,How to become a corporate Trainer,Career_Articles,210,Career,,part_1
5508,How to become a real estate broker,Career_Articles,210,Career,,part_1
5509,Career as a Geneticist,Career_Articles,210,Career,,part_1
5510,How to become a Physician Assistant,Career_Articles,210,Career,,part_1
5511,how to become a statistician,Career_Articles,260,Career,,part_1
5512,Career as a veterinarian,Career_Articles,210,Career,,part_1
5513,How to become a hardware engineer,Career_Articles,260,Career,,part_1
5514,how to become a legal advisor,Career_Articles,210,Career,,part_1
5515,How to become a filmmaker,Career_Articles,140,Career,,part_1
5516,How to Become a Cost Accountant,Career_Articles,210,Career,,part_1
5517,How to become a business development manager,Career_Articles,110,Career,,part_1
5518,how to become food safety officer,Career_Articles,480,Career,,part_1
5519,How to become a UI Developer,Career_Articles,110,Career,,part_1
5520,How to Become a Helicopter Pilot,Career_Articles,110,Career,,part_1
5521,How to become an automotive designer,Career_Articles,140,Career,,part_1
5522,How to become a occupational therapist,Career_Articles,170,Career,,part_1
5523,how to become a brand manager,Career_Articles,170,Career,,part_1
5524,How to become a Chief Financial Officer,Career_Articles,140,Career,,part_1
5525,how to become an executive chef,Career_Articles,110,Career,,part_1
5526,how to become a food technologist,Career_Articles,140,Career,,part_1
5527,How to Become a Forensic Expert,Career_Articles,110,Career,,part_1
5528,How to Become a Sound Engineer,Career_Articles,140,Career,,part_1
5529,How to become an associate professor,Career_Articles,210,Career,,part_1
5530,How to become a Market Research Analyst,Career_Articles,110,Career,,part_1
5531,How to become an epidemiologist,Career_Articles,170,Career,,part_1
5532,How to become a meterologist,Career_Articles,170,Career,,part_1
9116,JEE Mains,JEE_Mains_Blog,1500000,Overview,,part_1
9117,JEE Main 2021 Registration Date,JEE_Mains_Blog,4400,Application,,part_1
9118,JEE Main Exam Centres,JEE_Mains_Blog,390,Exam_Centers,,part_1
9119,JEE Main 2021 Exam Date,JEE_Mains_Blog,90500,Exam_Dates,,part_1
9120,JEE Main Exam Date,JEE_Mains_Blog,8100,Exam_Dates,,part_1
9121,JEE Main Paper Analysis,JEE_Mains_Blog,720,Paper_analysis,,part_1
9122,JEE Main Important Topics,JEE_Mains_Blog,1900,General,,part_1
9123,JEE Main Study Material,JEE_Mains_Blog,590,Study_Material,,part_1
9124,Best Books for JEE Main Preparation,JEE_Mains_Blog,590,Preparation,,part_1
9125,JEE Main Important Formulas,JEE_Mains_Blog,590,General,,part_1
9126,JEE Main Previous Year Question Papers,JEE_Mains_Blog,9900,Question_Paper,,part_1
9127,JoSAA Counselling,JEE_Mains_Blog,74000,Counselling,,part_1
9128,CSAB NEUT,JEE_Mains_Blog,1000,Overview,,part_1
9129,CSAB SFTI,JEE_Mains_Blog,140,Overview,,part_1
9130,JEE Advanced Answer Key,JEE_Mains_Blog,390,Answer_Key,,part_1
9131,SRMJEEE 2021,JEE_Mains_Blog,9900,Overview,,part_1
9132,Aeronautical Engineering,JEE_Mains_Blog,90500,Course,,part_1
9133,JEE Advanced Chemistry Syllabus,JEE_Mains_Blog,390,Syllabus,,part_1
9134,JEE Advanced Marks Vs Rank,JEE_Mains_Blog,12100,Comparison,,part_1
9135,JEE Advanced Maths Syllabus,JEE_Mains_Blog,390,Syllabus,,part_1
9136,Best Engineering Courses,JEE_Mains_Blog,9900,Course,,part_1
9137,Engineering After Diploma,JEE_Mains_Blog,170,Course,,part_1
9138,Cloud Computing Courses,JEE_Mains_Blog,8100,Course,,part_1
9139,BITSAT Exam Centre,JEE_Mains_Blog,480,Exam_Centers,,part_1
9140,SRMJEEE Cutoff,JEE_Mains_Blog,880,Cut_Off,,part_1
9141,SRMJEEE Syllabus,JEE_Mains_Blog,590,Syllabus,,part_1
9142,SRMJEEE Exam Pattern,JEE_Mains_Blog,590,Exam_Pattern,,part_1
9143,SRMJEEE Result,JEE_Mains_Blog,3600,Result,,part_1
9144,SRMJEEE Application Form,JEE_Mains_Blog,140,Application,,part_1
9145,NEET Exam Centres,JEE_Mains_Blog,3600,Exam_Centers,,part_1
9146,NEET Form Correction,JEE_Mains_Blog,320,Form_Correction,,part_1
9147,NEET Physics Syllabus,JEE_Mains_Blog,4400,Syllabus,,part_1
9148,NEET Chemistry Syllabus,JEE_Mains_Blog,3600,Syllabus,,part_1
9149,NEET BIology Syllabus,JEE_Mains_Blog,5400,Syllabus,,part_1
9150,NEET Important Topics,JEE_Mains_Blog,880,General,,part_1
9151,NEET Study Material,JEE_Mains_Blog,2400,Study_Material,,part_1
9152,Best Books for NEET Preparation,JEE_Mains_Blog,2900,Preparation,,part_1
9153,NEET Sample Papers,JEE_Mains_Blog,6600,Practice_Papers,,part_1
9154,NEET Mock Test,JEE_Mains_Blog,12100,Practice_Papers,,part_1
9155,NEET Seat Allotment,JEE_Mains_Blog,170,General,,part_1
9156,NEET PG 2022,JEE_Mains_Blog,2900,Overview,,part_1
9157,NEET PG Exam Dates,JEE_Mains_Blog,1600,Exam_Dates,,part_1
9158,NIT Kurushetra,JEE_Mains_Blog,40500,College,,part_1
9159,NIT Nagpur,JEE_Mains_Blog,14800,College,,part_1
9160,NIT Jaipur,JEE_Mains_Blog,8100,College,,part_1
9161,NIT Surat,JEE_Mains_Blog,14800,College,,part_1
9162,NIT Uttarakhand,JEE_Mains_Blog,9900,College,,part_1
9163,IIIT Kanchipuram,JEE_Mains_Blog,590,College,,part_1
9164,IIIT Bhagalpur,JEE_Mains_Blog,8100,College,,part_1
9165,IIIT Kurnool,JEE_Mains_Blog,5400,College,,part_1
9166,IIIT Tiruchirapalli,JEE_Mains_Blog,880,College,,part_1
9167,GKV Haridwar,JEE_Mains_Blog,2400,College,,part_1
9168,PEC Pondicherry,JEE_Mains_Blog,2400,College,,part_1
9169,GGU Bilaspur,JEE_Mains_Blog,8100,College,,part_1
9170,NIT Trichy Cut Off,JEE_Mains_Blog,9900,Cut_Off,,part_1
9171,NIT Surathkal Cut Off,JEE_Mains_Blog,5400,Cut_Off,,part_1
9172,NIT Warangal Cut Off,JEE_Mains_Blog,8100,Cut_Off,,part_1
9173,IIT Roorkee Cut Off,JEE_Mains_Blog,9900,Cut_Off,,part_1
9174,IIT Hyderabad Cut Off,JEE_Mains_Blog,5400,Cut_Off,,part_1
9175,NIT Calicut Cut Off,JEE_Mains_Blog,3600,Cut_Off,,part_1
9176,IIT Ropar Cut Off,JEE_Mains_Blog,2400,Cut_Off,,part_1
9177,IIT Mandi Cut Off,JEE_Mains_Blog,2900,Cut_Off,,part_1
9178,IIT BHU Cut Off,JEE_Mains_Blog,4400,Cut_Off,,part_1
9179,NIT Jalandhar Cut Off,JEE_Mains_Blog,2900,Cut_Off,,part_1
9180,NIT Patna Cut Off,JEE_Mains_Blog,3600,Cut_Off,,part_1
9181,NIT Rourkela Cut Off,JEE_Mains_Blog,5400,Cut_Off,,part_1
9182,NIT Kurushetra Cut Off,JEE_Mains_Blog,4400,Cut_Off,,part_1
9183,IIIT Allahabad CUt Off,JEE_Mains_Blog,5400,Cut_Off,,part_1
9184,NIT Hamirpur CUt Off,JEE_Mains_Blog,5400,Cut_Off,,part_1
9185,NIT Jamshedpur Cut Off,JEE_Mains_Blog,2900,Cut_Off,,part_1
9186,IIT Bhubaneswar Cut Off,JEE_Mains_Blog,1900,Cut_Off,,part_1
9187,NIT Durgapur Cut Off,JEE_Mains_Blog,3600,Cut_Off,,part_1
9188,NIT Delhi Cut Off,JEE_Mains_Blog,4400,Cut_Off,,part_1
9189,IIT Jodhpur Cut Off,JEE_Mains_Blog,2400,Cut_Off,,part_1
9190,iit dhanbad Cut off,JEE_Mains_Blog,2400,Cut_Off,,part_1
9191,iit palakkad Cut off,JEE_Mains_Blog,880,Cut_Off,,part_1
9192,iit jammu Cut off,JEE_Mains_Blog,1300,Cut_Off,,part_1
9193,iit goa Cut off,JEE_Mains_Blog,1600,Cut_Off,,part_1
9194,iit dharwad Cut off,JEE_Mains_Blog,720,Cut_Off,,part_1
9195,IIT Guwahati Cut off,JEE_Mains_Blog,5400,Cut_Off,,part_1
9196,IIT Patna Cut off,JEE_Mains_Blog,1900,Cut_Off,,part_1
9197,iiit bhubaneswar Cut off,JEE_Mains_Blog,1600,Cut_Off,,part_1
9198,nit goa Cut off,JEE_Mains_Blog,2900,Cut_Off,,part_1
9199,iiit lucknow Cut off,JEE_Mains_Blog,3600,Cut_Off,,part_1
9200,iit tirupati Cut Off,JEE_Mains_Blog,1000,Cut_Off,,part_1
9201,NIT Silchar Cut Off,JEE_Mains_Blog,3600,Cut_Off,,part_1
9202,NIT Raipur Cut Off,JEE_Mains_Blog,2900,Cut_Off,,part_1
9203,NIT Surat Cut Off,JEE_Mains_Blog,1900,Cut_Off,,part_1
9204,NIT Meghalaya Cut Off,JEE_Mains_Blog,880,Cut_Off,,part_1
9205,NIT Bhopal Cut Off,JEE_Mains_Blog,2900,Cut_Off,,part_1
9206,NIT Mizoram Cut Off,JEE_Mains_Blog,390,Cut_Off,,part_1
9207,NIT Uttarakhand Cut Off,JEE_Mains_Blog,880,Cut_Off,,part_1
9208,NIT Andhra Pradesh Cut Off,JEE_Mains_Blog,720,Cut_Off,,part_1
9209,nit sikkim Cut off,JEE_Mains_Blog,1000,Cut_Off,,part_1
9210,IIIT Sonepat cut off,JEE_Mains_Blog,880,Cut_Off,,part_1
9211,IIIT Naya Raipur Cut Off,JEE_Mains_Blog,480,Cut_Off,,part_1
9212,PEC Chandigarh CUt Off,JEE_Mains_Blog,880,Cut_Off,,part_1
9213,JNU Cut Off,JEE_Mains_Blog,1600,Cut_Off,,part_1
9214,SVNIT Surat Cut Off,JEE_Mains_Blog,210,Cut_Off,,part_1
9215,IIIT Nagpur Cut Off,JEE_Mains_Blog,880,Cut_Off,,part_1
9216,University of Hyderabad Cut Off,JEE_Mains_Blog,210,Cut_Off,,part_1
9217,IIT Hyderabad Fee Structure,JEE_Mains_Blog,170,Fees,,part_1
9218,IIT Roorkee Fee Structure,JEE_Mains_Blog,480,Fees,,part_1
9219,IIT Delhi Fee Structure,JEE_Mains_Blog,1900,Fees,,part_1
9220,IIIT Delhi Fee Structure,JEE_Mains_Blog,480,Fees,,part_1
9221,NIT Calicut Fee Structure,JEE_Mains_Blog,480,Fees,,part_1
9222,IIIT Hyderabad Fee Structure,JEE_Mains_Blog,480,Fees,,part_1
9223,IIIT Dharwad Cut Off,JEE_Mains_Blog,720,Cut_Off,,part_1
9224,NIT Patna Fee Structure,JEE_Mains_Blog,720,Fees,,part_1
9225,B.Tech in Computer Science and Engineering,JEE_Mains_Blog,1300,Course,,part_1
9226,BTech in CSE,JEE_Mains_Blog,5400,Course,,part_1
9227,IIIT Allahabad Fee Structure,JEE_Mains_Blog,320,Fees,,part_1
9228,IIT Bhubaneswar Fee Structure,JEE_Mains_Blog,110,Fees,,part_1
9229,Bachelor of Technology,JEE_Mains_Blog,12100,Course,,part_1
9230,B.Tech,JEE_Mains_Blog,49500,Course,,part_1
9231,NIT Durgapur Fee Structure,JEE_Mains_Blog,320,Fees,,part_1
9232,NIT Raipur Fee Structure,JEE_Mains_Blog,390,Fees,,part_1
9233,NIT Kurukshetra Fee Structure,JEE_Mains_Blog,320,Fees,,part_1
9234,IIT Guwahati Fee Structure,JEE_Mains_Blog,170,Fees,,part_1
9235,NIT Jamshedpur Fee Structure,JEE_Mains_Blog,720,Fees,,part_1
9236,NIT Delhi Fee Structure,JEE_Mains_Blog,320,Fees,,part_1
9237,IIT Indore Fee Structure,JEE_Mains_Blog,170,Fees,,part_1
9238,IIT Ropar Fee Structure,JEE_Mains_Blog,140,Fees,,part_1
9239,NIT Allahabad Cut Off,JEE_Mains_Blog,2900,Cut_Off,,part_1
9240,IIT Kanpur Placement,JEE_Mains_Blog,1300,Placement,,part_1
9241,IIT Kanpur Fee Structure,JEE_Mains_Blog,590,Fees,,part_1
9242,IIT Gandhinagar Fee Structure,JEE_Mains_Blog,170,Fees,,part_1
9243,NIT Silchar Fee Structure,JEE_Mains_Blog,210,Fees,,part_1
9244,NIT Warangal Fee Structure,JEE_Mains_Blog,1300,Fees,,part_1
9245,IIITM Gwalior Fee Structure,JEE_Mains_Blog,140,Fees,,part_1
9246,B.Tech in Electrical Engineering,JEE_Mains_Blog,1600,Course,,part_1
9247,Electrical Engineering,JEE_Mains_Blog,60500,Course,,part_1
9248,IIT Patna Fee Structure,JEE_Mains_Blog,320,Fees,,part_1
9249,IIIT Pune Fee Structure,JEE_Mains_Blog,210,Fees,,part_1
9250,IIIT Lucknow Fee Structure,JEE_Mains_Blog,260,Fees,,part_1
9251,nit sikkim Fee Structure,JEE_Mains_Blog,110,Fees,,part_1
9252,B.Tech in Civil Engineering,JEE_Mains_Blog,2900,Course,,part_1
9253,Civil Engineering,JEE_Mains_Blog,110000,Course,,part_1
9254,B.Tech in Electronics and Communication Engineering,JEE_Mains_Blog,720,Course,,part_1
9255,Electronics and Communication Engineering,JEE_Mains_Blog,40500,Course,,part_1
9256,IIIT Bhubaneswar Fee Structure,JEE_Mains_Blog,170,Fees,,part_1
18462,CBSE,Board_Keywords,2240000,,CBSE,part_1
18463,UPMSP,Board_Keywords,1500000,,Uttar Pradesh Board,part_1
18464,BSE,Board_Keywords,823000,,Orissa Board,part_1
18465,NIOS,Board_Keywords,673000,,NIOS,part_1
18466,PSEB,Board_Keywords,450000,,Punjab Board,part_1
18467,MPBSE,Board_Keywords,450000,,Madhya Pradesh Board,part_1
18468,HBSE,Board_Keywords,368000,,Haryana Board,part_1
18469,RBSE,Board_Keywords,368000,,Rajasthan Board,part_1
18470,CBSE Result,Board_Keywords,301000,Result,CBSE,part_1
18471,BSEB,Board_Keywords,246000,,Bihar Board,part_1
18472,GSEB,Board_Keywords,201000,,Gujarat Board,part_1
18473,HPBOSE,Board_Keywords,201000,,Himachal Pradesh Board,part_1
18474,Bihar Board,Board_Keywords,165000,,Bihar Board,part_1
18475,ICSE,Board_Keywords,165000,,ICSE,part_1
18476,JKBOSE,Board_Keywords,165000,,Jammu and Kashmir Board,part_1
18477,CGBSE,Board_Keywords,165000,,Chhattisgarh Board,part_1
18478,KSEEB,Board_Keywords,135000,,Karnataka Board,part_1
18479,JAC,Board_Keywords,90500,,Jharkhand Board,part_1
18480,TSBIE,Board_Keywords,90500,,Telangana Board,part_1
18481,NIOS Result,Board_Keywords,74000,Result,NIOS,part_1
18482,Bihar Board Result,Board_Keywords,74000,Result,Bihar Board,part_1
18483,BSEAP,Board_Keywords,74000,,Andhra Pradesh Board,part_1
18484,wbchse,Board_Keywords,74000,,West Bengal Board,part_1
18485,UPMSP Result,Board_Keywords,60500,Result,Uttar Pradesh Board,part_1
18486,WBBSE,Board_Keywords,60500,,West Bengal Board,part_1
18487,DHSE,Board_Keywords,40500,,Kerala Board,part_1
18488,Rajasthan Board,Board_Keywords,33100,,Rajasthan Board,part_1
18489,Maharashtra Board,Board_Keywords,33100,,Maharashtra Board,part_1
18490,BSE Result,Board_Keywords,33100,Result,Orissa Board,part_1
18491,JKBOSE Result,Board_Keywords,33100,Result,Jammu and Kashmir Board,part_1
18492,JAC Result,Board_Keywords,33100,Result,Jharkhand Board,part_1
18493,CBSE Syllabus,Board_Keywords,27100,Syllabus,CBSE,part_1
18494,MPBSE Result,Board_Keywords,27100,Result,Madhya Pradesh Board,part_1
18495,BSEB Result,Board_Keywords,27100,Result,Bihar Board,part_1
18496,ISC,Board_Keywords,27100,,ICSE,part_1
18497,MSBSHSE,Board_Keywords,27100,,Maharashtra Board,part_1
18498,CBSE Sample Paper,Board_Keywords,18100,Practice_Papers,CBSE,part_1
18499,HBSE Result,Board_Keywords,14800,Result,Haryana Board,part_1
18500,RBSE Result,Board_Keywords,14800,Result,Rajasthan Board,part_1
18501,CBSE Date sheet,Board_Keywords,14800,Date_Sheet,CBSE,part_1
18502,NIOS Hall ticket,Board_Keywords,14800,Admit_Card,NIOS,part_1
18503,Haryana Board,Board_Keywords,12100,,Haryana Board,part_1
18504,ICSE Result,Board_Keywords,12100,Result,ICSE,part_1
18505,PSEB Result,Board_Keywords,12100,Result,Punjab Board,part_1
18506,MBOSE,Board_Keywords,12100,,Meghalaya Board,part_1
18507,TBSE,Board_Keywords,12100,,Tripura Board,part_1
18508,UBSE,Board_Keywords,12100,,Uttarakhand Board,part_1
18509,NIOS Admit Card,Board_Keywords,9900,Admit_Card,NIOS,part_1
18510,Gujarat Board,Board_Keywords,9900,,Gujarat Board,part_1
18511,Goa Board,Board_Keywords,9900,,Goa Board,part_1
18512,CHSE,Board_Keywords,9900,,Orissa Board,part_1
18513,MPBSE Admit Card,Board_Keywords,9900,Admit_Card,Madhya Pradesh Board,part_1
18514,NBSE,Board_Keywords,9900,,Nagaland Board,part_1
18515,Punjab Board,Board_Keywords,8100,,Punjab Board,part_1
18516,Bihar Board Admit Card,Board_Keywords,6600,Admit_Card,Bihar Board,part_1
18517,ICSE Syllabus,Board_Keywords,6600,Syllabus,ICSE,part_1
18518,GSEB Result,Board_Keywords,6600,Result,Gujarat Board,part_1
18519,Rajasthan Board Result,Board_Keywords,5400,Result,Rajasthan Board,part_1
18520,GBSHSE,Board_Keywords,5400,,Goa Board,part_1
18521,CBSE Exam Date,Board_Keywords,4400,Exam_Dates,CBSE,part_1
18522,CBSE Admit Card,Board_Keywords,4400,Admit_Card,CBSE,part_1
18523,Maharashtra Board Result,Board_Keywords,4400,Result,Maharashtra Board,part_1
18524,MBSE,Board_Keywords,4400,,Mizoram Board,part_1
18525,Jharkhand Board,Board_Keywords,3600,,Jharkhand Board,part_1
18526,Uttarakhand Board,Board_Keywords,3600,,Uttarakhand Board,part_1
18527,CHSE Result,Board_Keywords,3600,Result,Orissa Board,part_1
18528,BSEB Admit Card,Board_Keywords,3600,Admit_Card,Bihar Board,part_1
18529,DHSE Result,Board_Keywords,3600,Result,Kerala Board,part_1
18530,MBOSE Result,Board_Keywords,3600,Result,Meghalaya Board,part_1
18531,Uttarakhand Board Result,Board_Keywords,3600,Result,Uttarakhand Board,part_1
18532,NIOS Registration,Board_Keywords,2900,Registration,NIOS,part_1
18533,West Bengal Board,Board_Keywords,2900,,West Bengal Board,part_1
18534,COHSEM,Board_Keywords,2900,,Manipur Board,part_1
18535,TSBIE Result,Board_Keywords,2900,Result,Telangana Board,part_1
18536,CBSE Compartment,Board_Keywords,2400,Compartment,CBSE,part_1
18537,Haryana Board Result,Board_Keywords,2400,Result,Haryana Board,part_1
18538,NIOS Exam Date,Board_Keywords,2400,Exam_Dates,NIOS,part_1
18539,PSEB Admit Card,Board_Keywords,2400,Admit_Card,Punjab Board,part_1
18540,CGBSE Result,Board_Keywords,2400,Result,Chhattisgarh Board,part_1
18541,ISC Result,Board_Keywords,2400,Result,ICSE,part_1
18542,DGE TN,Board_Keywords,2400,,Tamil Nadu Board,part_1
18543,Punjab Board Result,Board_Keywords,1900,Result,Punjab Board,part_1
18544,Karnataka Board,Board_Keywords,1900,,Karnataka Board,part_1
18545,wbchse Result,Board_Keywords,1900,Result,West Bengal Board,part_1
18546,NIOS Date sheet,Board_Keywords,1900,Date_Sheet,NIOS,part_1
18547,CBSE Registration,Board_Keywords,1600,Registration,CBSE,part_1
18548,CBSE Pattern,Board_Keywords,1600,Exam_Pattern,CBSE,part_1
18549,Jharkhand Board Result,Board_Keywords,1600,Result,Jharkhand Board,part_1
18550,PSEB Registration,Board_Keywords,1600,Registration,Punjab Board,part_1
18551,RBSE Syllabus,Board_Keywords,1600,Syllabus,Rajasthan Board,part_1
18552,ISC Syllabus,Board_Keywords,1600,Syllabus,ICSE,part_1
18553,UPMSP Syllabus,Board_Keywords,1600,Syllabus,Uttar Pradesh Board,part_1
18554,WBBSE Result,Board_Keywords,1600,Result,West Bengal Board,part_1
18555,TBSE Result,Board_Keywords,1600,Result,Tripura Board,part_1
18556,Chhattisgarh Board,Board_Keywords,1300,,Chhattisgarh Board,part_1
18557,Tamil Nadu Board,Board_Keywords,1300,,Tamil Nadu Board,part_1
18558,RBSE Admit Card,Board_Keywords,1300,Admit_Card,Rajasthan Board,part_1
18559,JKBOSE Date sheet,Board_Keywords,1300,Date_Sheet,Jammu and Kashmir Board,part_1
18560,NIOS Syllabus,Board_Keywords,1000,Syllabus,NIOS,part_1
18561,Gujarat Board Result,Board_Keywords,1000,Result,Gujarat Board,part_1
18562,Kerala Board,Board_Keywords,1000,,Kerala Board,part_1
18563,Uttar Pradesh Board,Board_Keywords,1000,,Uttar Pradesh Board,part_1
18564,PSEB Syllabus,Board_Keywords,1000,Syllabus,Punjab Board,part_1
18565,BSEB Registration,Board_Keywords,1000,Registration,Bihar Board,part_1
18566,KSEEB Result,Board_Keywords,1000,Result,Karnataka Board,part_1
18567,UPMSP Registration,Board_Keywords,1000,Registration,Uttar Pradesh Board,part_1
18568,DGE TN Result,Board_Keywords,1000,Result,Tamil Nadu Board,part_1
18569,CBSE Time table,Board_Keywords,1000,Time_Table,CBSE,part_1
18570,TSBIE Hall ticket,Board_Keywords,1000,Admit_Card,Telangana Board,part_1
18571,Bihar Board Registration,Board_Keywords,880,Registration,Bihar Board,part_1
18572,Bihar Board Exam Date,Board_Keywords,880,Exam_Dates,Bihar Board,part_1
18573,CHSE Syllabus,Board_Keywords,880,Syllabus,Orissa Board,part_1
18574,HBSE Admit Card,Board_Keywords,880,Admit_Card,Haryana Board,part_1
18575,NBSE Result,Board_Keywords,880,Result,Nagaland Board,part_1
18576,HBSE Date sheet,Board_Keywords,880,Date_Sheet,Haryana Board,part_1
18577,Goa Board Result,Board_Keywords,720,Result,Goa Board,part_1
18578,BSEAP Result,Board_Keywords,720,Result,Andhra Pradesh Board,part_1
18579,MPBSE Time table,Board_Keywords,720,Time_Table,Madhya Pradesh Board,part_1
18580,BSEAP Hall ticket,Board_Keywords,720,Admit_Card,Andhra Pradesh Board,part_1
18581,Bihar Board Syllabus,Board_Keywords,590,Syllabus,Bihar Board,part_1
18582,West Bengal Board Result,Board_Keywords,590,Result,West Bengal Board,part_1
18583,Telangana Board,Board_Keywords,590,,Telangana Board,part_1
18584,JAC Syllabus,Board_Keywords,590,Syllabus,Jharkhand Board,part_1
18585,wbchse Syllabus,Board_Keywords,590,Syllabus,West Bengal Board,part_1
18586,MSBSHSE Result,Board_Keywords,590,Result,Maharashtra Board,part_1
18587,Madhya Pradesh Board,Board_Keywords,480,,Madhya Pradesh Board,part_1
18588,ICSE Exam Date,Board_Keywords,480,Exam_Dates,ICSE,part_1
18589,ICSE Sample Paper,Board_Keywords,480,Practice_Papers,ICSE,part_1
18590,JKBOSE Syllabus,Board_Keywords,480,Syllabus,Jammu and Kashmir Board,part_1
18591,BSEM,Board_Keywords,480,,Manipur Board,part_1
18592,PSEB Date sheet,Board_Keywords,480,Date_Sheet,Punjab Board,part_1
18593,ICSE Date sheet,Board_Keywords,480,Date_Sheet,ICSE,part_1
18594,Haryana Board Date sheet,Board_Keywords,480,Date_Sheet,Haryana Board,part_1
18595,Punjab Board Date sheet,Board_Keywords,480,Date_Sheet,Punjab Board,part_1
18596,Chhattisgarh Board Result,Board_Keywords,390,Result,Chhattisgarh Board,part_1
18597,Tripura Board,Board_Keywords,390,,Tripura Board,part_1
18598,Manipur Board,Board_Keywords,390,,Manipur Board,part_1
18599,HPBOSE Admit Card,Board_Keywords,390,Admit_Card,Himachal Pradesh Board,part_1
18600,ISC Exam Date,Board_Keywords,390,Exam_Dates,ICSE,part_1
18601,JAC Admit Card,Board_Keywords,390,Admit_Card,Jharkhand Board,part_1
18602,MBSE Result,Board_Keywords,390,Result,Mizoram Board,part_1
18603,COHSEM Syllabus,Board_Keywords,390,Syllabus,Manipur Board,part_1
18604,RBSE Time table,Board_Keywords,390,Time_Table,Rajasthan Board,part_1
18605,NIOS Sample Paper,Board_Keywords,320,Practice_Papers,NIOS,part_1
18606,HBSE Syllabus,Board_Keywords,320,Syllabus,Haryana Board,part_1
18607,ISC Date sheet,Board_Keywords,320,Date_Sheet,ICSE,part_1
18608,UPMSP Time table,Board_Keywords,320,Time_Table,Uttar Pradesh Board,part_1
18609,Gujarat Board Exam Date,Board_Keywords,260,Exam_Dates,Gujarat Board,part_1
18610,Bihar Board Compartment,Board_Keywords,260,Compartment,Bihar Board,part_1
18611,Himachal Pradesh Board,Board_Keywords,260,,Himachal Pradesh Board,part_1
18612,Karnataka Board Result,Board_Keywords,260,Result,Karnataka Board,part_1
18613,Uttar Pradesh Board Result,Board_Keywords,260,Result,Uttar Pradesh Board,part_1
18614,Andhra Pradesh Board,Board_Keywords,260,,Andhra Pradesh Board,part_1
18615,MPBSE Syllabus,Board_Keywords,260,Syllabus,Madhya Pradesh Board,part_1
18616,RBSE Exam Date,Board_Keywords,260,Exam_Dates,Rajasthan Board,part_1
18617,WBBSE Syllabus,Board_Keywords,260,Syllabus,West Bengal Board,part_1
18618,UBSE Result,Board_Keywords,260,Result,Uttarakhand Board,part_1
18619,Haryana Board Syllabus,Board_Keywords,210,Syllabus,Haryana Board,part_1
18620,Maharashtra Board Exam Date,Board_Keywords,210,Exam_Dates,Maharashtra Board,part_1
18621,HPBOSE Registration,Board_Keywords,210,Registration,Himachal Pradesh Board,part_1
18622,JAC Registration,Board_Keywords,210,Registration,Jharkhand Board,part_1
18623,JAC Exam Date,Board_Keywords,210,Exam_Dates,Jharkhand Board,part_1
18624,TBSE Syllabus,Board_Keywords,210,Syllabus,Tripura Board,part_1
18625,CBSE Hall ticket,Board_Keywords,210,Admit_Card,CBSE,part_1
18626,CBSE Timetable,Board_Keywords,210,Time_Table,CBSE,part_1
18627,HPBOSE Date sheet,Board_Keywords,210,Date_Sheet,Himachal Pradesh Board,part_1
18628,ISC Time table,Board_Keywords,210,Time_Table,ICSE,part_1
18629,Maharashtra Board Time table,Board_Keywords,210,Time_Table,Maharashtra Board,part_1
18630,Orissa Board,Board_Keywords,170,,Orissa Board,part_1
18631,Rajasthan Board Exam Date,Board_Keywords,170,Exam_Dates,Rajasthan Board,part_1
18632,Rajasthan Board Syllabus,Board_Keywords,170,Syllabus,Rajasthan Board,part_1
18633,ICSE Admit Card,Board_Keywords,170,Admit_Card,ICSE,part_1
18634,ICSE Pattern,Board_Keywords,170,Exam_Pattern,ICSE,part_1
18635,Tripura Board Result,Board_Keywords,170,Result,Tripura Board,part_1
18636,BSEB Exam Date,Board_Keywords,170,Exam_Dates,Bihar Board,part_1
18637,BSEB Syllabus,Board_Keywords,170,Syllabus,Bihar Board,part_1
18638,ISC Sample Paper,Board_Keywords,170,Practice_Papers,ICSE,part_1
18639,ICSE Time table,Board_Keywords,170,Time_Table,ICSE,part_1
18640,UPMSP Date sheet,Board_Keywords,170,Date_Sheet,Uttar Pradesh Board,part_1
18641,Bihar Board Date sheet,Board_Keywords,170,Date_Sheet,Bihar Board,part_1
18642,Jammu and Kashmir Board,Board_Keywords,140,,Jammu and Kashmir Board,part_1
18643,Maharashtra Board Syllabus,Board_Keywords,140,Syllabus,Maharashtra Board,part_1
18644,CHSE Admit Card,Board_Keywords,140,Admit_Card,Orissa Board,part_1
18645,PSEB Exam Date,Board_Keywords,140,Exam_Dates,Punjab Board,part_1
18646,UPMSP Exam Date,Board_Keywords,140,Exam_Dates,Uttar Pradesh Board,part_1
18647,UPMSP Admit Card,Board_Keywords,140,Admit_Card,Uttar Pradesh Board,part_1
18648,GBSHSE Result,Board_Keywords,140,Result,Goa Board,part_1
18649,GSEB Hall ticket,Board_Keywords,140,Admit_Card,Gujarat Board,part_1
18650,Bihar Board Time table,Board_Keywords,140,Time_Table,Bihar Board,part_1
18651,Haryana Board Admit Card,Board_Keywords,110,Admit_Card,Haryana Board,part_1
18652,Kerala Board Result,Board_Keywords,110,Result,Kerala Board,part_1
18653,West Bengal Board Exam Date,Board_Keywords,110,Exam_Dates,West Bengal Board,part_1
18654,Meghalaya Board,Board_Keywords,110,,Meghalaya Board,part_1
18655,Meghalaya Board Result,Board_Keywords,110,Result,Meghalaya Board,part_1
18656,Nagaland Board,Board_Keywords,110,,Nagaland Board,part_1
18657,BSE Registration,Board_Keywords,110,Registration,Orissa Board,part_1
18658,GSEB Syllabus,Board_Keywords,110,Syllabus,Gujarat Board,part_1
18659,HPBOSE Syllabus,Board_Keywords,110,Syllabus,Himachal Pradesh Board,part_1
18660,MBOSE Syllabus,Board_Keywords,110,Syllabus,Meghalaya Board,part_1
18661,BSE Time table,Board_Keywords,110,Time_Table,Orissa Board,part_1
